package,version,declaredLicense,lockfilePath,devFlag,optionalFlag,classification,redistribution,evidence,source,integrity
@adobe/css-tools,4.5.0,MIT,node_modules/@adobe/css-tools,True,False,ATTRIBUTION REQUIRED,"Retain exact upstream copyright and license; Apache NOTICE/modification notices, MPL file source, CC-BY attribution as applicable.",node_modules/@adobe/css-tools/LICENSE,https://registry.npmjs.org/@adobe/css-tools/-/css-tools-4.5.0.tgz,sha512-6OzddxPio9UiWTCemp4N8cYLV2ZN1ncRnV1cVGtve7dhPOtRkleRyx32GQCYSwDYgaHU3USMm84tNsvKzRCa1Q==
@asamuzakjp/css-color,7.1.2,MIT,node_modules/@asamuzakjp/css-color,True,False,ATTRIBUTION REQUIRED,"Retain exact upstream copyright and license; Apache NOTICE/modification notices, MPL file source, CC-BY attribution as applicable.",node_modules/@asamuzakjp/css-color/LICENSE,https://registry.npmjs.org/@asamuzakjp/css-color/-/css-color-7.1.2.tgz,sha512-99DHAnXDB5z6EEK+9GMpVI7Mw4oxj97dY5bpOzMnjADQWxI8rN6TvTduuFLUhUMlS7/CfVZ06tcZsus6cltnNw==
@asamuzakjp/dom-selector,9.2.2,MIT,node_modules/@asamuzakjp/dom-selector,True,False,ATTRIBUTION REQUIRED,"Retain exact upstream copyright and license; Apache NOTICE/modification notices, MPL file source, CC-BY attribution as applicable.",node_modules/@asamuzakjp/dom-selector/LICENSE,https://registry.npmjs.org/@asamuzakjp/dom-selector/-/dom-selector-9.2.2.tgz,sha512-lSWTBMjAcmu2xn5yEDU7jh6QDV+C8GEKtdJ4pIQhXh26RkKQ7S3FuQlt+zZkUbTdJ4d3XyV1kPI/G0zWXxqaqw==
@aws-sdk/checksums,3.1001.1,Apache-2.0,node_modules/@aws-sdk/checksums,False,False,ATTRIBUTION REQUIRED,"Retain exact upstream copyright and license; Apache NOTICE/modification notices, MPL file source, CC-BY attribution as applicable.",node_modules/@aws-sdk/checksums/LICENSE,https://registry.npmjs.org/@aws-sdk/checksums/-/checksums-3.1001.1.tgz,sha512-x12Q17KYlJAd3nKf8LV5LV0vt8sh8/6YfQLGPtrGnQf/tW4jqxPGq5GPpuVitpQYM3eUR4XB7CbxZf751NMbLw==
@aws-sdk/client-s3,3.1143.0,Apache-2.0,node_modules/@aws-sdk/client-s3,False,False,ATTRIBUTION REQUIRED,"Retain exact upstream copyright and license; Apache NOTICE/modification notices, MPL file source, CC-BY attribution as applicable.",node_modules/@aws-sdk/client-s3/LICENSE,https://registry.npmjs.org/@aws-sdk/client-s3/-/client-s3-3.1143.0.tgz,sha512-YVcwL17cUDru7OJFMoGB6aJCg7TmMiuAUjKfswtSm+t8NhO5BLLFTUhjnGWrhdw7ZgYyU2Y8u19t8a7yu0EhEg==
@aws-sdk/core,3.978.1,Apache-2.0,node_modules/@aws-sdk/core,False,False,ATTRIBUTION REQUIRED,"Retain exact upstream copyright and license; Apache NOTICE/modification notices, MPL file source, CC-BY attribution as applicable.",node_modules/@aws-sdk/core/LICENSE,https://registry.npmjs.org/@aws-sdk/core/-/core-3.978.1.tgz,sha512-LbY9aGsEiznDWmUc30Nwv3aIX/+dbwTx8KfS0yOC3NPYMO+O91e6jkT1azf34FwjOndq8/Q+RcVVZz5xnerwdg==
@aws-sdk/credential-provider-env,3.972.72,Apache-2.0,node_modules/@aws-sdk/credential-provider-env,False,False,ATTRIBUTION REQUIRED,"Retain exact upstream copyright and license; Apache NOTICE/modification notices, MPL file source, CC-BY attribution as applicable.",node_modules/@aws-sdk/credential-provider-env/LICENSE,https://registry.npmjs.org/@aws-sdk/credential-provider-env/-/credential-provider-env-3.972.72.tgz,sha512-xTKO/FWJPozTIXbozVnVGoNBhaGba8TBcx+KyUjRVeOlXE+dUc7GTR1cLvu0uTdIdmemzaFbqqCshXeZA1fZew==
@aws-sdk/credential-provider-http,3.972.74,Apache-2.0,node_modules/@aws-sdk/credential-provider-http,False,False,ATTRIBUTION REQUIRED,"Retain exact upstream copyright and license; Apache NOTICE/modification notices, MPL file source, CC-BY attribution as applicable.",Lockfile metadata; optional platform package not installed on this host,https://registry.npmjs.org/@aws-sdk/credential-provider-http/-/credential-provider-http-3.972.74.tgz,sha512-u91E/hT8f4d1xy0Jl7VG4nVKJ3lxbrZkoBTeSVoJdWBiSEUMwMS/9+e0H/aJVQV//Lt5wuzP+E69v4aRSsNTmw==
@aws-sdk/credential-provider-ini,3.973.17,Apache-2.0,node_modules/@aws-sdk/credential-provider-ini,False,False,ATTRIBUTION REQUIRED,"Retain exact upstream copyright and license; Apache NOTICE/modification notices, MPL file source, CC-BY attribution as applicable.",node_modules/@aws-sdk/credential-provider-ini/LICENSE,https://registry.npmjs.org/@aws-sdk/credential-provider-ini/-/credential-provider-ini-3.973.17.tgz,sha512-ged4KXdBkvIC81bLvNHHuQKdKak/VXhQTR1NWYTTqW0474nlmsxy9O/vlgTIohDDWH3xpBdtVMZRyjb+DnocDA==
@aws-sdk/credential-provider-login,3.972.79,Apache-2.0,node_modules/@aws-sdk/credential-provider-login,False,False,ATTRIBUTION REQUIRED,"Retain exact upstream copyright and license; Apache NOTICE/modification notices, MPL file source, CC-BY attribution as applicable.",Lockfile metadata; optional platform package not installed on this host,https://registry.npmjs.org/@aws-sdk/credential-provider-login/-/credential-provider-login-3.972.79.tgz,sha512-L+Z85anONJd8MaiuraO4wRxATCdEejBZ3K3eymzWI5JPXa9sOS9CkIm72PBKqXKX+Z9p9NGMX5AIMXm0LEflgw==
@aws-sdk/credential-provider-node,3.972.84,Apache-2.0,node_modules/@aws-sdk/credential-provider-node,False,False,ATTRIBUTION REQUIRED,"Retain exact upstream copyright and license; Apache NOTICE/modification notices, MPL file source, CC-BY attribution as applicable.",node_modules/@aws-sdk/credential-provider-node/LICENSE,https://registry.npmjs.org/@aws-sdk/credential-provider-node/-/credential-provider-node-3.972.84.tgz,sha512-oHt854odINVwzwsh+c5x69j0ajm4DbqqqVJ+O1ECsCIZeMDAbzFpXItaqP7UZstJj/ATdTk/KFSH0LaNAgV+kA==
@aws-sdk/credential-provider-process,3.972.72,Apache-2.0,node_modules/@aws-sdk/credential-provider-process,False,False,ATTRIBUTION REQUIRED,"Retain exact upstream copyright and license; Apache NOTICE/modification notices, MPL file source, CC-BY attribution as applicable.",node_modules/@aws-sdk/credential-provider-process/LICENSE,https://registry.npmjs.org/@aws-sdk/credential-provider-process/-/credential-provider-process-3.972.72.tgz,sha512-rLIp2xbMjX/k9/od7APpqq1ZgXXnV0pOL1Th3ZsL8Wu0TRtBsDTVS8iPqcfRFcHakFxPvR04OSTv2ka2qOb/2A==
@aws-sdk/credential-provider-sso,3.973.16,Apache-2.0,node_modules/@aws-sdk/credential-provider-sso,False,False,ATTRIBUTION REQUIRED,"Retain exact upstream copyright and license; Apache NOTICE/modification notices, MPL file source, CC-BY attribution as applicable.",node_modules/@aws-sdk/credential-provider-sso/LICENSE,https://registry.npmjs.org/@aws-sdk/credential-provider-sso/-/credential-provider-sso-3.973.16.tgz,sha512-IGihaJfFZYacJJr/odqILCoK7W/mvrZ7cuK7ECn3sAu4vLC6u0V8bS7mCGbdugJ8Aum2tnvqmx0F2MRFp2rn9g==
@aws-sdk/credential-provider-web-identity,3.972.78,Apache-2.0,node_modules/@aws-sdk/credential-provider-web-identity,False,False,ATTRIBUTION REQUIRED,"Retain exact upstream copyright and license; Apache NOTICE/modification notices, MPL file source, CC-BY attribution as applicable.",node_modules/@aws-sdk/credential-provider-web-identity/LICENSE,https://registry.npmjs.org/@aws-sdk/credential-provider-web-identity/-/credential-provider-web-identity-3.972.78.tgz,sha512-/y9WvNtlcPBGLR0qc1a+9J/xtYZfVczvLUOuXaVWylzttH7ewsxwHtjmiJSolNrVSDorIxHGHMU61CbonRkmwA==
@aws-sdk/middleware-sdk-s3,3.972.77,Apache-2.0,node_modules/@aws-sdk/middleware-sdk-s3,False,False,ATTRIBUTION REQUIRED,"Retain exact upstream copyright and license; Apache NOTICE/modification notices, MPL file source, CC-BY attribution as applicable.",node_modules/@aws-sdk/middleware-sdk-s3/LICENSE,https://registry.npmjs.org/@aws-sdk/middleware-sdk-s3/-/middleware-sdk-s3-3.972.77.tgz,sha512-E7W2UOeUoc+lg3uIfR/dM7ZwusHwhBQrKMnlkRv4EXRR+C0YtV1pg25xC7GdZIhXH+NAMgZPCbE7o5to2cjFiw==
@aws-sdk/nested-clients,3.997.46,Apache-2.0,node_modules/@aws-sdk/nested-clients,False,False,ATTRIBUTION REQUIRED,"Retain exact upstream copyright and license; Apache NOTICE/modification notices, MPL file source, CC-BY attribution as applicable.",Lockfile metadata; optional platform package not installed on this host,https://registry.npmjs.org/@aws-sdk/nested-clients/-/nested-clients-3.997.46.tgz,sha512-oRxtBcka/JGHGs9l9p9IVajGoTP8vTPmoAzdHGy4Qcy9P5vPnDf6nhIeM/COQNY9k/OahImTRaLkHftoXvfcmQ==
@aws-sdk/signature-v4-multi-region,3.996.47,Apache-2.0,node_modules/@aws-sdk/signature-v4-multi-region,False,False,ATTRIBUTION REQUIRED,"Retain exact upstream copyright and license; Apache NOTICE/modification notices, MPL file source, CC-BY attribution as applicable.",node_modules/@aws-sdk/signature-v4-multi-region/LICENSE,https://registry.npmjs.org/@aws-sdk/signature-v4-multi-region/-/signature-v4-multi-region-3.996.47.tgz,sha512-Zk08macMvQTHzQJCLJVkOlviVoqwYMrpXv4lmLN7b7sAbiMoOK7Go0NYdR5UeF+MW8LIbRmwrNy9u/5VvX1U5g==
@aws-sdk/token-providers,3.1138.0,Apache-2.0,node_modules/@aws-sdk/token-providers,False,False,ATTRIBUTION REQUIRED,"Retain exact upstream copyright and license; Apache NOTICE/modification notices, MPL file source, CC-BY attribution as applicable.",node_modules/@aws-sdk/token-providers/LICENSE,https://registry.npmjs.org/@aws-sdk/token-providers/-/token-providers-3.1138.0.tgz,sha512-GpyAr0DD63YOEmYFM6Df+gJuIgC92MMTiBK4FTKfxii5MJ9ge20epR7LyroulscYlG89J+ZB2ivFDPjvfQhzdw==
@aws-sdk/types,3.974.6,Apache-2.0,node_modules/@aws-sdk/types,False,False,ATTRIBUTION REQUIRED,"Retain exact upstream copyright and license; Apache NOTICE/modification notices, MPL file source, CC-BY attribution as applicable.",node_modules/@aws-sdk/types/LICENSE,https://registry.npmjs.org/@aws-sdk/types/-/types-3.974.6.tgz,sha512-v/clNZzZnDxGyvpHMOGpJKVXFAExJzUNAAjaWGdcx8QAcXLGwTaOkw33p5SHAi0YAioK32xB3hWwOekRVfmfKg==
@aws-sdk/xml-builder,3.972.41,Apache-2.0,node_modules/@aws-sdk/xml-builder,False,False,ATTRIBUTION REQUIRED,"Retain exact upstream copyright and license; Apache NOTICE/modification notices, MPL file source, CC-BY attribution as applicable.",node_modules/@aws-sdk/xml-builder/LICENSE,https://registry.npmjs.org/@aws-sdk/xml-builder/-/xml-builder-3.972.41.tgz,sha512-ctjVSyCMegrWfXlx6VqzSBFI6UqmQ5ZlnfMhdLIiWmhoH8UAQxSCP5N3OpG7X3k4LnS7ou74C4mt20+bfTW2aQ==
@aws/lambda-invoke-store,0.3.0,Apache-2.0,node_modules/@aws/lambda-invoke-store,False,False,ATTRIBUTION REQUIRED,"Retain exact upstream copyright and license; Apache NOTICE/modification notices, MPL file source, CC-BY attribution as applicable.",node_modules/@aws/lambda-invoke-store/LICENSE,https://registry.npmjs.org/@aws/lambda-invoke-store/-/lambda-invoke-store-0.3.0.tgz,sha512-sl4Bm6yiMNYrZKkqqDFWN0UfnWhlS8ivKxrYl+6t0gCLrqr8y3B2IqZZbFRkfaVVp7C/baApyh71P+LeE1A2sQ==
@axe-core/playwright,4.13.0,MPL-2.0,node_modules/@axe-core/playwright,True,False,ATTRIBUTION REQUIRED,"Retain exact upstream copyright and license; Apache NOTICE/modification notices, MPL file source, CC-BY attribution as applicable.",node_modules/@axe-core/playwright/LICENSE,https://registry.npmjs.org/@axe-core/playwright/-/playwright-4.13.0.tgz,sha512-6YLx+kxXu5GJceG4ozFg+33a2EMTdjYwWGloJ3sb9Kta5pp+ZNS53uxGVog5JetIY8s++P5UrtX+cri+u0VAVg==
@babel/code-frame,7.29.7,MIT,node_modules/@babel/code-frame,True,False,ATTRIBUTION REQUIRED,"Retain exact upstream copyright and license; Apache NOTICE/modification notices, MPL file source, CC-BY attribution as applicable.",node_modules/@babel/code-frame/LICENSE,https://registry.npmjs.org/@babel/code-frame/-/code-frame-7.29.7.tgz,sha512-Aup7aUOfpbAUg2ROOJN6Iw5f9DMBlzu0mIkm/malLQFN/YQgO48wCj0Kxa3sEHJvPVFg7siR+qRInwXd2qhQKw==
@babel/compat-data,7.29.7,MIT,node_modules/@babel/compat-data,True,False,ATTRIBUTION REQUIRED,"Retain exact upstream copyright and license; Apache NOTICE/modification notices, MPL file source, CC-BY attribution as applicable.",node_modules/@babel/compat-data/LICENSE,https://registry.npmjs.org/@babel/compat-data/-/compat-data-7.29.7.tgz,sha512-locTkQyKvwIEgBzVrn8693ebc97F2U8ZHjbXwDXJ5Fn2TCpNwTlKcaKLkdHop5c/icOFE7qt7Q9JC5hnKNa6Gg==
@babel/core,7.29.7,MIT,node_modules/@babel/core,True,False,ATTRIBUTION REQUIRED,"Retain exact upstream copyright and license; Apache NOTICE/modification notices, MPL file source, CC-BY attribution as applicable.",node_modules/@babel/core/LICENSE,https://registry.npmjs.org/@babel/core/-/core-7.29.7.tgz,sha512-RgHBCvtjbOK2gXSNBNIkNoEc9qoVEtau3hj8gEqKQuL3HZAibKarWFEI3Lfm6EYKkLalOh8eSrj9b+ch9H/VBA==
@babel/generator,7.29.8,MIT,node_modules/@babel/generator,True,False,ATTRIBUTION REQUIRED,"Retain exact upstream copyright and license; Apache NOTICE/modification notices, MPL file source, CC-BY attribution as applicable.",node_modules/@babel/generator/LICENSE,https://registry.npmjs.org/@babel/generator/-/generator-7.29.8.tgz,sha512-gZbepsdh3WDtgZKWL+vTPh71LSBrm/Y4/QDZBVCcYfmeTEEuoOYwlSy+G1StfJg+/Zy550u/3TATbm7qDbbMtg==
@babel/helper-compilation-targets,7.29.7,MIT,node_modules/@babel/helper-compilation-targets,True,False,ATTRIBUTION REQUIRED,"Retain exact upstream copyright and license; Apache NOTICE/modification notices, MPL file source, CC-BY attribution as applicable.",node_modules/@babel/helper-compilation-targets/LICENSE,https://registry.npmjs.org/@babel/helper-compilation-targets/-/helper-compilation-targets-7.29.7.tgz,sha512-wem6WaBj4NaVYVdNhLPPVacES6ZJ+KBBfSkTMD3YZxbP3rm3Di85tJU5ljaUNhaOynt+Aj0xruhYuzQBt8n71g==
@babel/helper-globals,7.29.7,MIT,node_modules/@babel/helper-globals,True,False,ATTRIBUTION REQUIRED,"Retain exact upstream copyright and license; Apache NOTICE/modification notices, MPL file source, CC-BY attribution as applicable.",node_modules/@babel/helper-globals/LICENSE,https://registry.npmjs.org/@babel/helper-globals/-/helper-globals-7.29.7.tgz,sha512-3nQVUAtvkKH9zahfWgw96Jc/uFOmjACE1kQz82E2lqWmHBgjzbNlsC22nuQTfahmWeQtTq5nQ/4Nnd2A1wj4zA==
@babel/helper-module-imports,7.29.7,MIT,node_modules/@babel/helper-module-imports,True,False,ATTRIBUTION REQUIRED,"Retain exact upstream copyright and license; Apache NOTICE/modification notices, MPL file source, CC-BY attribution as applicable.",node_modules/@babel/helper-module-imports/LICENSE,https://registry.npmjs.org/@babel/helper-module-imports/-/helper-module-imports-7.29.7.tgz,sha512-ejHwrQQYcm9xnTivShn2IDOlIzInN34AXskvq9QicvCtEzq1Vzclu/tKF8Jq1Cg8JG2GL6/EmjgsCT7lXepE3g==
@babel/helper-module-transforms,7.29.7,MIT,node_modules/@babel/helper-module-transforms,True,False,ATTRIBUTION REQUIRED,"Retain exact upstream copyright and license; Apache NOTICE/modification notices, MPL file source, CC-BY attribution as applicable.",node_modules/@babel/helper-module-transforms/LICENSE,https://registry.npmjs.org/@babel/helper-module-transforms/-/helper-module-transforms-7.29.7.tgz,sha512-UPUVSyXbOh627KiCIGQSgwWzGeBKLkaJ9PJEdrngIwMSzxLR4jS4+f1f1jb7VzBbg8nFLaYotvVPFCTqdrmTAg==
@babel/helper-string-parser,7.29.7,MIT,node_modules/@babel/helper-string-parser,True,False,ATTRIBUTION REQUIRED,"Retain exact upstream copyright and license; Apache NOTICE/modification notices, MPL file source, CC-BY attribution as applicable.",node_modules/@babel/helper-string-parser/LICENSE,https://registry.npmjs.org/@babel/helper-string-parser/-/helper-string-parser-7.29.7.tgz,sha512-Pb5ijPrZ89GDH8223L4UP8i6QApWxs04RbPQJTeWDV0/keR2E36MeKnyr6LYmUUvqRRI+Iv87SuF1W6ErINzYw==
@babel/helper-validator-identifier,7.29.7,MIT,node_modules/@babel/helper-validator-identifier,True,False,ATTRIBUTION REQUIRED,"Retain exact upstream copyright and license; Apache NOTICE/modification notices, MPL file source, CC-BY attribution as applicable.",node_modules/@babel/helper-validator-identifier/LICENSE,https://registry.npmjs.org/@babel/helper-validator-identifier/-/helper-validator-identifier-7.29.7.tgz,sha512-qehxGkRj55h/ff8EMaJ+cYhyaKlHIxqYDn682wQD7RNp9UujOQsHog2uS0r2vzr4pW+sXf90NeeayjcNaX3fFg==
@babel/helper-validator-option,7.29.7,MIT,node_modules/@babel/helper-validator-option,True,False,ATTRIBUTION REQUIRED,"Retain exact upstream copyright and license; Apache NOTICE/modification notices, MPL file source, CC-BY attribution as applicable.",node_modules/@babel/helper-validator-option/LICENSE,https://registry.npmjs.org/@babel/helper-validator-option/-/helper-validator-option-7.29.7.tgz,sha512-N9ZErrD+yW5geCDtBqnOoxmR8+tNKiGuxKlDpuJxfsqpa2dFcexaziGAE/qoHLiDDreVNMupxGmSoNlyvsA3gw==
@babel/helpers,7.29.7,MIT,node_modules/@babel/helpers,True,False,ATTRIBUTION REQUIRED,"Retain exact upstream copyright and license; Apache NOTICE/modification notices, MPL file source, CC-BY attribution as applicable.",node_modules/@babel/helpers/LICENSE,https://registry.npmjs.org/@babel/helpers/-/helpers-7.29.7.tgz,sha512-1k2lAGRMfHTcwuNYcCNUmaUffmQv8KWMfh2iJUUeRlwlwH4FdNG7mfPI10NPfLHJFThE4Tyr4mv7kTNZOiPuBg==
@babel/parser,7.29.9,MIT,node_modules/@babel/parser,True,False,ATTRIBUTION REQUIRED,"Retain exact upstream copyright and license; Apache NOTICE/modification notices, MPL file source, CC-BY attribution as applicable.",node_modules/@babel/parser/LICENSE,https://registry.npmjs.org/@babel/parser/-/parser-7.29.9.tgz,sha512-CjXrNHTnvqBVqHgdBysY3vk2T8tpJHb5/RMeHJBTyVa9xgugCB0CJTx/3oO8RV2QRQP391RWpB7D6hLjm8V9uA==
@babel/runtime,7.29.7,MIT,node_modules/@babel/runtime,True,False,ATTRIBUTION REQUIRED,"Retain exact upstream copyright and license; Apache NOTICE/modification notices, MPL file source, CC-BY attribution as applicable.",node_modules/@babel/runtime/LICENSE,https://registry.npmjs.org/@babel/runtime/-/runtime-7.29.7.tgz,sha512-Nq8OhGWiZIZGV6hLHoyAKLLcJihP/xFeBMGJoUrxTX2psI8dCifzLhZISFb+VWS3wFMRDmCGw5R+dOySCqPLhw==
@babel/template,7.29.7,MIT,node_modules/@babel/template,True,False,ATTRIBUTION REQUIRED,"Retain exact upstream copyright and license; Apache NOTICE/modification notices, MPL file source, CC-BY attribution as applicable.",node_modules/@babel/template/LICENSE,https://registry.npmjs.org/@babel/template/-/template-7.29.7.tgz,sha512-puq+Gf35oI24FeN11LkoUQFqv9uwNeWpxXZi/Ji3rRIoKAzKnxRaZ+Gkj0vKS9ZCiTESfng1N9LyOyXvo+m+Gg==
@babel/traverse,7.29.8,MIT,node_modules/@babel/traverse,True,False,ATTRIBUTION REQUIRED,"Retain exact upstream copyright and license; Apache NOTICE/modification notices, MPL file source, CC-BY attribution as applicable.",node_modules/@babel/traverse/LICENSE,https://registry.npmjs.org/@babel/traverse/-/traverse-7.29.8.tgz,sha512-I5z7H3bf/41ktsNVLtpN0wAa336HkqIHQ5BuPLEhTkt1jVSyZpeNKIzTgEWmlxjdg81R0IgUCcaE+Ok3NvrfZg==
@babel/types,7.29.8,MIT,node_modules/@babel/types,True,False,ATTRIBUTION REQUIRED,"Retain exact upstream copyright and license; Apache NOTICE/modification notices, MPL file source, CC-BY attribution as applicable.",node_modules/@babel/types/LICENSE,https://registry.npmjs.org/@babel/types/-/types-7.29.8.tgz,sha512-Vj1jF3cPfxg7OAfoI7QnVKLoILlm2JF9pnVHrX8qx7AHMiYWT+NDAA7jChlNgRS4WTLc/fD1lXLmPixluj+3Gg==
@borewit/text-codec,0.2.2,MIT,node_modules/@borewit/text-codec,False,False,ATTRIBUTION REQUIRED,"Retain exact upstream copyright and license; Apache NOTICE/modification notices, MPL file source, CC-BY attribution as applicable.",node_modules/@borewit/text-codec/LICENSE.txt,https://registry.npmjs.org/@borewit/text-codec/-/text-codec-0.2.2.tgz,sha512-DDaRehssg1aNrH4+2hnj1B7vnUGEjU6OIlyRdkMd0aUdIUvKXrJfXsy8LVtXAy7DRvYVluWbMspsRhz2lcW0mQ==
@bramus/specificity,2.4.2,MIT,node_modules/@bramus/specificity,True,False,ATTRIBUTION REQUIRED,"Retain exact upstream copyright and license; Apache NOTICE/modification notices, MPL file source, CC-BY attribution as applicable.",node_modules/@bramus/specificity/LICENSE,https://registry.npmjs.org/@bramus/specificity/-/specificity-2.4.2.tgz,sha512-ctxtJ/eA+t+6q2++vj5j7FYX3nRu311q1wfYH3xjlLOsczhlhxAg2FWNUXhpGvAw3BWo1xBcvOV6/YLc2r5FJw==
@cacheable/memory,2.2.0,MIT,node_modules/@cacheable/memory,True,False,ATTRIBUTION REQUIRED,"Retain exact upstream copyright and license; Apache NOTICE/modification notices, MPL file source, CC-BY attribution as applicable.",node_modules/@cacheable/memory/LICENSE,https://registry.npmjs.org/@cacheable/memory/-/memory-2.2.0.tgz,sha512-CTLKqLItRCEixEAewD3/j9DB3/o96gpTPD4eJ1v+DGOlxZRZncRQkGYqqnAGCscYd6RNeXfGeiuCphsPtqyIfQ==
@cacheable/utils,2.5.0,MIT,node_modules/@cacheable/utils,True,False,ATTRIBUTION REQUIRED,"Retain exact upstream copyright and license; Apache NOTICE/modification notices, MPL file source, CC-BY attribution as applicable.",node_modules/@cacheable/utils/LICENSE,https://registry.npmjs.org/@cacheable/utils/-/utils-2.5.0.tgz,sha512-buipgOVDkkPXNR5+xBpDw7Zk2n1EvU7qBJCNUcL7rhQ//kfpOXPAvQ511Os0vpLYJ1pZnvudNytkQt2hst3wqA==
@csstools/color-helpers,6.1.2,MIT-0,node_modules/@csstools/color-helpers,True,False,COMPATIBLE,Preserve upstream terms and disclaimers; no added ownership claim.,node_modules/@csstools/color-helpers/LICENSE.md,https://registry.npmjs.org/@csstools/color-helpers/-/color-helpers-6.1.2.tgz,sha512-grhRy3OKmniaAEKXMjua5z/EODX0MSqBGjunw8+j/3HQjOnahs2AGhvEOIYVUWcU6ScApbhLhVrQTX8XqrMrow==
@csstools/css-calc,3.4.1,MIT,node_modules/@csstools/css-calc,True,False,ATTRIBUTION REQUIRED,"Retain exact upstream copyright and license; Apache NOTICE/modification notices, MPL file source, CC-BY attribution as applicable.",node_modules/@csstools/css-calc/LICENSE.md,https://registry.npmjs.org/@csstools/css-calc/-/css-calc-3.4.1.tgz,sha512-EtC7SoN1j6J4E4DCwg5QgbO5TGxgxIA1RXqe+W+qUM+BUcezx9wT+/tiQ/WO2yCX4i5X+Cuf9ciJ22aP4UEwWw==
@csstools/css-color-parser,4.2.4,MIT,node_modules/@csstools/css-color-parser,True,False,ATTRIBUTION REQUIRED,"Retain exact upstream copyright and license; Apache NOTICE/modification notices, MPL file source, CC-BY attribution as applicable.",node_modules/@csstools/css-color-parser/LICENSE.md,https://registry.npmjs.org/@csstools/css-color-parser/-/css-color-parser-4.2.4.tgz,sha512-DyefytAZ735mX4Dq/WcDAXFtXhaEFvme0ZS9tVEBAc2whxUthXr0R0L2rmEPm59SrMBkGrFzQviBXMs/UtnABQ==
@csstools/css-parser-algorithms,4.0.1,MIT,node_modules/@csstools/css-parser-algorithms,True,False,ATTRIBUTION REQUIRED,"Retain exact upstream copyright and license; Apache NOTICE/modification notices, MPL file source, CC-BY attribution as applicable.",node_modules/@csstools/css-parser-algorithms/LICENSE.md,https://registry.npmjs.org/@csstools/css-parser-algorithms/-/css-parser-algorithms-4.0.1.tgz,sha512-ShL8BqPfbKJrJiKFH0xBbN0i7Nrh9HXYRuF+pzyj93R/BL2YAsUxJeqANErzqM+0JGl7vjHp+3OIgd/DL69YIA==
@csstools/css-syntax-patches-for-csstree,1.1.14,MIT-0,node_modules/@csstools/css-syntax-patches-for-csstree,True,False,COMPATIBLE,Preserve upstream terms and disclaimers; no added ownership claim.,node_modules/@csstools/css-syntax-patches-for-csstree/LICENSE.md,https://registry.npmjs.org/@csstools/css-syntax-patches-for-csstree/-/css-syntax-patches-for-csstree-1.1.14.tgz,sha512-HpbVXyrofRXpHpgkNIjU/3EWR4WJvOkO3emNK/L6X/mTJU7bGUI3AkkpoTNXznQLp0KRjLHELTGeKI5dIkI9JQ==
@csstools/css-tokenizer,4.0.2,MIT,node_modules/@csstools/css-tokenizer,True,False,ATTRIBUTION REQUIRED,"Retain exact upstream copyright and license; Apache NOTICE/modification notices, MPL file source, CC-BY attribution as applicable.",node_modules/@csstools/css-tokenizer/LICENSE.md,https://registry.npmjs.org/@csstools/css-tokenizer/-/css-tokenizer-4.0.2.tgz,sha512-OoKoR0f76dCY666JlcbhmVTs2drYj1GUXZTYTcbUgJjh9Nv41aFfZ21bPQTERm5+L5cBDo466NltB2lplS5GBw==
@electric-sql/pglite,0.4.3,Apache-2.0,node_modules/@electric-sql/pglite,False,False,ATTRIBUTION REQUIRED,"Retain exact upstream copyright and license; Apache NOTICE/modification notices, MPL file source, CC-BY attribution as applicable.",node_modules/@electric-sql/pglite/LICENSE,https://registry.npmjs.org/@electric-sql/pglite/-/pglite-0.4.3.tgz,sha512-ichuWTgtd4mOM1G4SpyGJa5trT03lWbMypDV0fUXUCXg5hiHqVAz/bZyV68NqmkLB7WcYmj1RMJVSp8HV/v/ZQ==
@electric-sql/pglite-socket,0.1.3,Apache-2.0,node_modules/@electric-sql/pglite-socket,False,False,ATTRIBUTION REQUIRED,"Retain exact upstream copyright and license; Apache NOTICE/modification notices, MPL file source, CC-BY attribution as applicable.",node_modules/@electric-sql/pglite-socket/LICENSE,https://registry.npmjs.org/@electric-sql/pglite-socket/-/pglite-socket-0.1.3.tgz,sha512-LAciWM0M1dCL8hlsxu2venbVZcdxema0BtDfpWYVqr+Y468UADw0pFWidhKw1M8sfJ8rdLT71tjMmnirf/IZRQ==
@electric-sql/pglite-tools,0.3.3,Apache-2.0,node_modules/@electric-sql/pglite-tools,False,False,ATTRIBUTION REQUIRED,"Retain exact upstream copyright and license; Apache NOTICE/modification notices, MPL file source, CC-BY attribution as applicable.",node_modules/@electric-sql/pglite-tools/LICENSE,https://registry.npmjs.org/@electric-sql/pglite-tools/-/pglite-tools-0.3.3.tgz,sha512-AlzLJTRJ8+UFgK8CmxIpyIpJ0+YaFw02IiOSdYrqxwPXdSyeIShz8aa9Tq+tYFXdPwcaMp/Fc80mQZ1dkOQ/wg==
@emnapi/runtime,1.11.3,MIT,node_modules/@emnapi/runtime,False,True,ATTRIBUTION REQUIRED,"Retain exact upstream copyright and license; Apache NOTICE/modification notices, MPL file source, CC-BY attribution as applicable.",Lockfile metadata; optional platform package not installed on this host,https://registry.npmjs.org/@emnapi/runtime/-/runtime-1.11.3.tgz,sha512-Xz4Tpyki7XyrpbUK1jR1AhdAdaXyhhY4lZ3neLodmhpuWfy2PAQN5B46sAiU4liOXGLkHypn/qU+jvfWSCYYLA==
@epic-web/invariant,1.0.0,MIT,node_modules/@epic-web/invariant,False,False,ATTRIBUTION REQUIRED,"Retain exact upstream copyright and license; Apache NOTICE/modification notices, MPL file source, CC-BY attribution as applicable.",Lockfile metadata; optional platform package not installed on this host,https://registry.npmjs.org/@epic-web/invariant/-/invariant-1.0.0.tgz,sha512-lrTPqgvfFQtR/eY/qkIzp98OGdNJu0m5ji3q/nJI8v3SXkRKEnWiOxMmbvcSoAIzv/cGiuvRy57k4suKQSAdwA==
@eslint-community/eslint-utils,4.10.1,MIT,node_modules/@eslint-community/eslint-utils,True,False,ATTRIBUTION REQUIRED,"Retain exact upstream copyright and license; Apache NOTICE/modification notices, MPL file source, CC-BY attribution as applicable.",node_modules/@eslint-community/eslint-utils/LICENSE,https://registry.npmjs.org/@eslint-community/eslint-utils/-/eslint-utils-4.10.1.tgz,sha512-cuadcxVFE8sDK6iWJbs8Sn0av2Nrh2QSGQhVlBW9AaAHqHwjWsZHT8LJ4hFGPh7ASBV2deFdM7H/DPjulmh8rg==
@eslint-community/regexpp,4.12.2,MIT,node_modules/@eslint-community/regexpp,True,False,ATTRIBUTION REQUIRED,"Retain exact upstream copyright and license; Apache NOTICE/modification notices, MPL file source, CC-BY attribution as applicable.",node_modules/@eslint-community/regexpp/LICENSE,https://registry.npmjs.org/@eslint-community/regexpp/-/regexpp-4.12.2.tgz,sha512-EriSTlt5OC9/7SXkRSCAhfSxxoSUgBm33OH+IkwbdpgoqsSsUg7y3uh+IICI/Qg4BBWr3U2i39RpmycbxMq4ew==
@eslint/config-array,0.23.5,Apache-2.0,node_modules/@eslint/config-array,True,False,ATTRIBUTION REQUIRED,"Retain exact upstream copyright and license; Apache NOTICE/modification notices, MPL file source, CC-BY attribution as applicable.",node_modules/@eslint/config-array/LICENSE,https://registry.npmjs.org/@eslint/config-array/-/config-array-0.23.5.tgz,sha512-Y3kKLvC1dvTOT+oGlqNQ1XLqK6D1HU2YXPc52NmAlJZbMMWDzGYXMiPRJ8TYD39muD/OTjlZmNJ4ib7dvSrMBA==
@eslint/config-helpers,0.7.0,Apache-2.0,node_modules/@eslint/config-helpers,True,False,ATTRIBUTION REQUIRED,"Retain exact upstream copyright and license; Apache NOTICE/modification notices, MPL file source, CC-BY attribution as applicable.",node_modules/@eslint/config-helpers/LICENSE,https://registry.npmjs.org/@eslint/config-helpers/-/config-helpers-0.7.0.tgz,sha512-DObd/KKUsU+FaFv4PLxSRenpXfQWmPXXP3pPZ6/K1PCrMu2vQpMDMuQe/BqYeoLcz8ro0bVDF1RxOJgfVEdhUw==
@eslint/core,1.2.1,Apache-2.0,node_modules/@eslint/core,True,False,ATTRIBUTION REQUIRED,"Retain exact upstream copyright and license; Apache NOTICE/modification notices, MPL file source, CC-BY attribution as applicable.",node_modules/@eslint/core/LICENSE,https://registry.npmjs.org/@eslint/core/-/core-1.2.1.tgz,sha512-MwcE1P+AZ4C6DWlpin/OmOA54mmIZ/+xZuJiQd4SyB29oAJjN30UW9wkKNptW2ctp4cEsvhlLY/CsQ1uoHDloQ==
@eslint/js,10.0.1,MIT,node_modules/@eslint/js,True,False,ATTRIBUTION REQUIRED,"Retain exact upstream copyright and license; Apache NOTICE/modification notices, MPL file source, CC-BY attribution as applicable.",node_modules/@eslint/js/LICENSE,https://registry.npmjs.org/@eslint/js/-/js-10.0.1.tgz,sha512-zeR9k5pd4gxjZ0abRoIaxdc7I3nDktoXZk2qOv9gCNWx3mVwEn32VRhyLaRsDiJjTs0xq/T8mfPtyuXu7GWBcA==
@eslint/object-schema,3.0.5,Apache-2.0,node_modules/@eslint/object-schema,True,False,ATTRIBUTION REQUIRED,"Retain exact upstream copyright and license; Apache NOTICE/modification notices, MPL file source, CC-BY attribution as applicable.",node_modules/@eslint/object-schema/LICENSE,https://registry.npmjs.org/@eslint/object-schema/-/object-schema-3.0.5.tgz,sha512-vqTaUEgxzm+YDSdElad6PiRoX4t8VGDjCtt05zn4nU810UIx/uNEV7/lZJ6KwFThKZOzOxzXy48da+No7HZaMw==
@eslint/plugin-kit,0.7.3,Apache-2.0,node_modules/@eslint/plugin-kit,True,False,ATTRIBUTION REQUIRED,"Retain exact upstream copyright and license; Apache NOTICE/modification notices, MPL file source, CC-BY attribution as applicable.",node_modules/@eslint/plugin-kit/LICENSE,https://registry.npmjs.org/@eslint/plugin-kit/-/plugin-kit-0.7.3.tgz,sha512-IkO+/KEUvwbVpiURZg+P7zF74z5Jxe0UgJxVni+RtoHQ6IZieXaO02kmadomap/q+l6bc/jdPGGqTjhuZnuz1Q==
@exodus/bytes,1.16.0,MIT,node_modules/@exodus/bytes,True,False,ATTRIBUTION REQUIRED,"Retain exact upstream copyright and license; Apache NOTICE/modification notices, MPL file source, CC-BY attribution as applicable.",node_modules/@exodus/bytes/LICENSE,https://registry.npmjs.org/@exodus/bytes/-/bytes-1.16.0.tgz,sha512-IcpW84uEn3N7ETtNZMlxKhfl6Pec8rUNGOTBtWbK1FKhJxIFAptZyVrvVRVBimAJxJCgc3PxepxkdWWG4DVzfA==
@hookform/resolvers,5.9.1,MIT,app/frontend/node_modules/@hookform/resolvers,False,False,ATTRIBUTION REQUIRED,"Retain exact upstream copyright and license; Apache NOTICE/modification notices, MPL file source, CC-BY attribution as applicable.",app/frontend/node_modules/@hookform/resolvers/LICENSE,https://registry.npmjs.org/@hookform/resolvers/-/resolvers-5.9.1.tgz,sha512-7b7vsbraJxKgjVSA1Nur9tLwj539WGJUBLA7QNvXnFoT2pM5Z7G+6rlukk4B2/QrTZy6huRtH6wKeESPKuIr6w==
@humanfs/core,0.19.2,Apache-2.0,node_modules/@humanfs/core,True,False,ATTRIBUTION REQUIRED,"Retain exact upstream copyright and license; Apache NOTICE/modification notices, MPL file source, CC-BY attribution as applicable.",node_modules/@humanfs/core/LICENSE,https://registry.npmjs.org/@humanfs/core/-/core-0.19.2.tgz,sha512-UhXNm+CFMWcbChXywFwkmhqjs3PRCmcSa/hfBgLIb7oQ5HNb1wS0icWsGtSAUNgefHeI+eBrA8I1fxmbHsGdvA==
@humanfs/node,0.16.8,Apache-2.0,node_modules/@humanfs/node,True,False,ATTRIBUTION REQUIRED,"Retain exact upstream copyright and license; Apache NOTICE/modification notices, MPL file source, CC-BY attribution as applicable.",node_modules/@humanfs/node/LICENSE,https://registry.npmjs.org/@humanfs/node/-/node-0.16.8.tgz,sha512-gE1eQNZ3R++kTzFUpdGlpmy8kDZD/MLyHqDwqjkVQI0JMdI1D51sy1H958PNXYkM2rAac7e5/CnIKZrHtPh3BQ==
@humanfs/types,0.15.0,Apache-2.0,node_modules/@humanfs/types,True,False,ATTRIBUTION REQUIRED,"Retain exact upstream copyright and license; Apache NOTICE/modification notices, MPL file source, CC-BY attribution as applicable.",Lockfile metadata; optional platform package not installed on this host,https://registry.npmjs.org/@humanfs/types/-/types-0.15.0.tgz,sha512-ZZ1w0aoQkwuUuC7Yf+7sdeaNfqQiiLcSRbfI08oAxqLtpXQr9AIVX7Ay7HLDuiLYAaFPu8oBYNq/QIi9URHJ3Q==
@humanwhocodes/module-importer,1.0.1,Apache-2.0,node_modules/@humanwhocodes/module-importer,True,False,ATTRIBUTION REQUIRED,"Retain exact upstream copyright and license; Apache NOTICE/modification notices, MPL file source, CC-BY attribution as applicable.",node_modules/@humanwhocodes/module-importer/LICENSE,https://registry.npmjs.org/@humanwhocodes/module-importer/-/module-importer-1.0.1.tgz,sha512-bxveV4V8v5Yb4ncFTT3rPSgZBOpCkjfK0y4oVVVJwIuDVBRMDXrPyXRL988i5ap9m9bnyEEjWfm5WkBmtffLfA==
@humanwhocodes/retry,0.4.3,Apache-2.0,node_modules/@humanwhocodes/retry,True,False,ATTRIBUTION REQUIRED,"Retain exact upstream copyright and license; Apache NOTICE/modification notices, MPL file source, CC-BY attribution as applicable.",node_modules/@humanwhocodes/retry/LICENSE,https://registry.npmjs.org/@humanwhocodes/retry/-/retry-0.4.3.tgz,sha512-bV0Tgo9K4hfPCek+aMAn81RppFKv2ySDQeMoSZuvTASywNTnVJCArCZE2FWqpvIatKu7VMRLWlR1EazvVhDyhQ==
@img/colour,1.1.0,MIT,node_modules/@img/colour,False,False,ATTRIBUTION REQUIRED,"Retain exact upstream copyright and license; Apache NOTICE/modification notices, MPL file source, CC-BY attribution as applicable.",node_modules/@img/colour/LICENSE.md,https://registry.npmjs.org/@img/colour/-/colour-1.1.0.tgz,sha512-Td76q7j57o/tLVdgS746cYARfSyxk8iEfRxewL9h4OMzYhbW4TAcppl0mT4eyqXddh6L/jwoM75mo7ixa/pCeQ==
@img/sharp-darwin-arm64,0.35.5,Apache-2.0,node_modules/@img/sharp-darwin-arm64,False,True,ATTRIBUTION REQUIRED,"Retain exact upstream copyright and license; Apache NOTICE/modification notices, MPL file source, CC-BY attribution as applicable.",node_modules/@img/sharp-darwin-arm64/LICENSE,https://registry.npmjs.org/@img/sharp-darwin-arm64/-/sharp-darwin-arm64-0.35.5.tgz,sha512-QRUlFQ0WxvdWyqqG/WtI3iupfD5rBzmCHXSdPsY91sAtVtTo7Q4cb6zOccZ3gqEqkr0f1As1ehLqmEpDsRf+lg==
@img/sharp-darwin-x64,0.35.5,Apache-2.0,node_modules/@img/sharp-darwin-x64,False,True,ATTRIBUTION REQUIRED,"Retain exact upstream copyright and license; Apache NOTICE/modification notices, MPL file source, CC-BY attribution as applicable.",Lockfile metadata; optional platform package not installed on this host,https://registry.npmjs.org/@img/sharp-darwin-x64/-/sharp-darwin-x64-0.35.5.tgz,sha512-+BR255RhDlpygUpOc/Jdt1nT6DQ3XG/ERo5wbcdOf5Q320dKtPCKPLR1LJs9VGXRaMa8l1uUa0tkCNOXiAxZUw==
@img/sharp-freebsd-wasm32,0.35.5,Apache-2.0,node_modules/@img/sharp-freebsd-wasm32,False,True,ATTRIBUTION REQUIRED,"Retain exact upstream copyright and license; Apache NOTICE/modification notices, MPL file source, CC-BY attribution as applicable.",Lockfile metadata; optional platform package not installed on this host,https://registry.npmjs.org/@img/sharp-freebsd-wasm32/-/sharp-freebsd-wasm32-0.35.5.tgz,sha512-Y/z91nEZ4uIBX5X3nfTovjU9lHNKFYbL2lpHCLVNmXQK03VIZvXBBt0KxbPGp2SdGSF+2mQU4e+hQaWOt86iAw==
@img/sharp-libvips-darwin-arm64,1.3.4,LGPL-3.0-or-later,node_modules/@img/sharp-libvips-darwin-arm64,False,True,REVIEW REQUIRED,Retain native licenses; exact corresponding source and replacement/relinking route required before distributing binaries.,Lockfile metadata; optional platform package not installed on this host,https://registry.npmjs.org/@img/sharp-libvips-darwin-arm64/-/sharp-libvips-darwin-arm64-1.3.4.tgz,sha512-5R89nBYiRdUlSWJxPhO+GVtaXzXSxKnRu/xqMn3KTA3L9EB9Oy/P+Nn2f2vlhPuUdy/Zusb2DarbyTpGCfEDuw==
@img/sharp-libvips-darwin-x64,1.3.4,LGPL-3.0-or-later,node_modules/@img/sharp-libvips-darwin-x64,False,True,REVIEW REQUIRED,Retain native licenses; exact corresponding source and replacement/relinking route required before distributing binaries.,Lockfile metadata; optional platform package not installed on this host,https://registry.npmjs.org/@img/sharp-libvips-darwin-x64/-/sharp-libvips-darwin-x64-1.3.4.tgz,sha512-iR2OKH80yi0U+dUplyh3/xdpFvps6YkCwsXenIJxqxR1v9o+xtKTGbS9H7cps+2Vxjc8B1j96p75NmTGjIhtpQ==
@img/sharp-libvips-linux-arm,1.3.4,LGPL-3.0-or-later,node_modules/@img/sharp-libvips-linux-arm,False,True,REVIEW REQUIRED,Retain native licenses; exact corresponding source and replacement/relinking route required before distributing binaries.,Lockfile metadata; optional platform package not installed on this host,https://registry.npmjs.org/@img/sharp-libvips-linux-arm/-/sharp-libvips-linux-arm-1.3.4.tgz,sha512-LmRtTsOHuvM2+wlO2Db37dx5MiZhB0FvSunciw48YjdOkZz9KAiRbm8ujeMOA1INqmei5NapFxYEK1D1ZSidmw==
@img/sharp-libvips-linux-arm64,1.3.4,LGPL-3.0-or-later,node_modules/@img/sharp-libvips-linux-arm64,False,True,REVIEW REQUIRED,Retain native licenses; exact corresponding source and replacement/relinking route required before distributing binaries.,Lockfile metadata; optional platform package not installed on this host,https://registry.npmjs.org/@img/sharp-libvips-linux-arm64/-/sharp-libvips-linux-arm64-1.3.4.tgz,sha512-Y3dgX/6lE2QhQb+Gxy0WZxfg9MEm/JBjamZpS2IklP7xIQoKN4hzAm7KcMVGtaVDt3neE9OKBC7vAfonA/Lr1A==
@img/sharp-libvips-linux-ppc64,1.3.4,LGPL-3.0-or-later,node_modules/@img/sharp-libvips-linux-ppc64,False,True,REVIEW REQUIRED,Retain native licenses; exact corresponding source and replacement/relinking route required before distributing binaries.,Lockfile metadata; optional platform package not installed on this host,https://registry.npmjs.org/@img/sharp-libvips-linux-ppc64/-/sharp-libvips-linux-ppc64-1.3.4.tgz,sha512-Le6boB8Tai0Nis+gIxIpKx68UDVVIqdR8Tin5Yf1z2LJJQLDJvCDRqRu+jC2qCoD+eIomonmOwB4smBRxfVpYQ==
@img/sharp-libvips-linux-riscv64,1.3.4,LGPL-3.0-or-later,node_modules/@img/sharp-libvips-linux-riscv64,False,True,REVIEW REQUIRED,Retain native licenses; exact corresponding source and replacement/relinking route required before distributing binaries.,Lockfile metadata; optional platform package not installed on this host,https://registry.npmjs.org/@img/sharp-libvips-linux-riscv64/-/sharp-libvips-linux-riscv64-1.3.4.tgz,sha512-aHkkIEHPRdQEegJN20MLmGtxYD9R2wQr3Cwpddnu5+YKMt6Uzax7S9h5gpZTo8wyrGuZSlfQ63OevL5mTyOC7Q==
@img/sharp-libvips-linux-s390x,1.3.4,LGPL-3.0-or-later,node_modules/@img/sharp-libvips-linux-s390x,False,True,REVIEW REQUIRED,Retain native licenses; exact corresponding source and replacement/relinking route required before distributing binaries.,Lockfile metadata; optional platform package not installed on this host,https://registry.npmjs.org/@img/sharp-libvips-linux-s390x/-/sharp-libvips-linux-s390x-1.3.4.tgz,sha512-ra/mB6MikESDUO7Yg+Mi95bFBb9GsObURuhnOv3OqknjGe9sZrG8tCe9q0xSIGrtLgvgw0gKnFWcK4blSgQOuQ==
@img/sharp-libvips-linux-x64,1.3.4,LGPL-3.0-or-later,node_modules/@img/sharp-libvips-linux-x64,False,True,REVIEW REQUIRED,Retain native licenses; exact corresponding source and replacement/relinking route required before distributing binaries.,Lockfile metadata; optional platform package not installed on this host,https://registry.npmjs.org/@img/sharp-libvips-linux-x64/-/sharp-libvips-linux-x64-1.3.4.tgz,sha512-GJ//SSXbnwSDes02umB3nDJLFcQzw8a18V8fyhqr6tV515tOEMdImjjxj1AoafMRz56F3PHgftnj1QEKSU1zkw==
@img/sharp-libvips-linuxmusl-arm64,1.3.4,LGPL-3.0-or-later,node_modules/@img/sharp-libvips-linuxmusl-arm64,False,True,REVIEW REQUIRED,Retain native licenses; exact corresponding source and replacement/relinking route required before distributing binaries.,Lockfile metadata; optional platform package not installed on this host,https://registry.npmjs.org/@img/sharp-libvips-linuxmusl-arm64/-/sharp-libvips-linuxmusl-arm64-1.3.4.tgz,sha512-hvulFwtjUcagsis6BBxHwGFwWoNZjgYmULGVrZcyfNbjA8hKILbRxGg15/7w5HDyXHXUos/j6baAWqnCyQ2DWA==
@img/sharp-libvips-linuxmusl-x64,1.3.4,LGPL-3.0-or-later,node_modules/@img/sharp-libvips-linuxmusl-x64,False,True,REVIEW REQUIRED,Retain native licenses; exact corresponding source and replacement/relinking route required before distributing binaries.,Lockfile metadata; optional platform package not installed on this host,https://registry.npmjs.org/@img/sharp-libvips-linuxmusl-x64/-/sharp-libvips-linuxmusl-x64-1.3.4.tgz,sha512-6zXKeE/p39I1AmA3cJG35eyBGNqNddLnUXjhwBnsGjFPWqf5VKkDBEqaEkPDoTEtkxwi2vv8Tcr2mDyP4So7Fg==
@img/sharp-linux-arm,0.35.5,Apache-2.0,node_modules/@img/sharp-linux-arm,False,True,ATTRIBUTION REQUIRED,"Retain exact upstream copyright and license; Apache NOTICE/modification notices, MPL file source, CC-BY attribution as applicable.",Lockfile metadata; optional platform package not installed on this host,https://registry.npmjs.org/@img/sharp-linux-arm/-/sharp-linux-arm-0.35.5.tgz,sha512-LEaXK2WdXVK5ykcw0buWyPMsmLLL2vpHLD6yrNSW+JGEL3BZPA4tpKN6iaMc4AxTTAoaX/sU1rOL51lcIz48ZQ==
@img/sharp-linux-arm64,0.35.5,Apache-2.0,node_modules/@img/sharp-linux-arm64,False,True,ATTRIBUTION REQUIRED,"Retain exact upstream copyright and license; Apache NOTICE/modification notices, MPL file source, CC-BY attribution as applicable.",Lockfile metadata; optional platform package not installed on this host,https://registry.npmjs.org/@img/sharp-linux-arm64/-/sharp-linux-arm64-0.35.5.tgz,sha512-LYVx5JTsOM2CBzmxreh+nl64/3H6Xb09iSLknqH47z2T2DFFxDeFLP5y4dJwe6H7uGQlHPyEEtIqyo3DYsRwdQ==
@img/sharp-linux-ppc64,0.35.5,Apache-2.0,node_modules/@img/sharp-linux-ppc64,False,True,ATTRIBUTION REQUIRED,"Retain exact upstream copyright and license; Apache NOTICE/modification notices, MPL file source, CC-BY attribution as applicable.",Lockfile metadata; optional platform package not installed on this host,https://registry.npmjs.org/@img/sharp-linux-ppc64/-/sharp-linux-ppc64-0.35.5.tgz,sha512-QVxAAq8evVRI9ia2vqgwrmWucn5Dfv+JdWzj75pD8omHLPSP7f8p20O8jxzjCcuCEQEOtYOZUmX1hkiZ0kdevA==
@img/sharp-linux-riscv64,0.35.5,Apache-2.0,node_modules/@img/sharp-linux-riscv64,False,True,ATTRIBUTION REQUIRED,"Retain exact upstream copyright and license; Apache NOTICE/modification notices, MPL file source, CC-BY attribution as applicable.",Lockfile metadata; optional platform package not installed on this host,https://registry.npmjs.org/@img/sharp-linux-riscv64/-/sharp-linux-riscv64-0.35.5.tgz,sha512-LtdreXguaavKODPIfzJ4kffx7UNt1omwtK0rch4EBbbSTXPnxWmYSayXdLJw0fJzQ97kHt1gL/yh4tvU+nCyRQ==
@img/sharp-linux-s390x,0.35.5,Apache-2.0,node_modules/@img/sharp-linux-s390x,False,True,ATTRIBUTION REQUIRED,"Retain exact upstream copyright and license; Apache NOTICE/modification notices, MPL file source, CC-BY attribution as applicable.",Lockfile metadata; optional platform package not installed on this host,https://registry.npmjs.org/@img/sharp-linux-s390x/-/sharp-linux-s390x-0.35.5.tgz,sha512-UZasTOFiYzotTsGOCu42BfUzP6Tu6Do/947iRm1RsLKvlllxwGcn4RN27LibGWceix4Y+Pmw3jsnTcCQIgWjqA==
@img/sharp-linux-x64,0.35.5,Apache-2.0,node_modules/@img/sharp-linux-x64,False,True,ATTRIBUTION REQUIRED,"Retain exact upstream copyright and license; Apache NOTICE/modification notices, MPL file source, CC-BY attribution as applicable.",Lockfile metadata; optional platform package not installed on this host,https://registry.npmjs.org/@img/sharp-linux-x64/-/sharp-linux-x64-0.35.5.tgz,sha512-SxFtLTeJInhAA9Q836kux2vZNeOBQEx658qvbboZScr0wIARym3IcGmW7KpVD5sbVg0Ojy+udFQdayYIZyoNog==
@img/sharp-linuxmusl-arm64,0.35.5,Apache-2.0,node_modules/@img/sharp-linuxmusl-arm64,False,True,ATTRIBUTION REQUIRED,"Retain exact upstream copyright and license; Apache NOTICE/modification notices, MPL file source, CC-BY attribution as applicable.",Lockfile metadata; optional platform package not installed on this host,https://registry.npmjs.org/@img/sharp-linuxmusl-arm64/-/sharp-linuxmusl-arm64-0.35.5.tgz,sha512-9HbMclmI1zlNkFRs3z9/eBtDjfD0sGlrX1z6b1qwmiFY5ElDLh4BC0LPBdVp7z1DXFiKlIcznf+ZlsuZzLxQqg==
@img/sharp-linuxmusl-x64,0.35.5,Apache-2.0,node_modules/@img/sharp-linuxmusl-x64,False,True,ATTRIBUTION REQUIRED,"Retain exact upstream copyright and license; Apache NOTICE/modification notices, MPL file source, CC-BY attribution as applicable.",Lockfile metadata; optional platform package not installed on this host,https://registry.npmjs.org/@img/sharp-linuxmusl-x64/-/sharp-linuxmusl-x64-0.35.5.tgz,sha512-4KOphqB035HrVdqLZfCgMzzERrQkkzOwRhl4OAkRO1YCldbaFjySXMaK534Mo0V+LndnlJk+sbUyLeU0ULyD1A==
@img/sharp-wasm32,0.35.5,Apache-2.0 AND LGPL-3.0-or-later AND MIT,node_modules/@img/sharp-wasm32,False,True,REVIEW REQUIRED,Retain native licenses; exact corresponding source and replacement/relinking route required before distributing binaries.,Lockfile metadata; optional platform package not installed on this host,https://registry.npmjs.org/@img/sharp-wasm32/-/sharp-wasm32-0.35.5.tgz,sha512-Ptsga1su4tQx+LLF1ECS9U6nz5kmrXKo6XVbtR48Ke3ZRxxgaWBu7IDtEe1quo8hiupwm6WFqxVlXaSf7IINGQ==
@img/sharp-webcontainers-wasm32,0.35.5,Apache-2.0,node_modules/@img/sharp-webcontainers-wasm32,False,True,ATTRIBUTION REQUIRED,"Retain exact upstream copyright and license; Apache NOTICE/modification notices, MPL file source, CC-BY attribution as applicable.",Lockfile metadata; optional platform package not installed on this host,https://registry.npmjs.org/@img/sharp-webcontainers-wasm32/-/sharp-webcontainers-wasm32-0.35.5.tgz,sha512-hfhF/FmoQyTUkA0bIKFOtw536BQSeBMe6BF6QyWlrPxT754+TFLaZ7sKKTfvvM0yJgKgaYTwnFCIZ/GuDw5SUA==
@img/sharp-win32-arm64,0.35.5,Apache-2.0 AND LGPL-3.0-or-later,node_modules/@img/sharp-win32-arm64,False,True,REVIEW REQUIRED,Retain native licenses; exact corresponding source and replacement/relinking route required before distributing binaries.,Lockfile metadata; optional platform package not installed on this host,https://registry.npmjs.org/@img/sharp-win32-arm64/-/sharp-win32-arm64-0.35.5.tgz,sha512-X4t7g+7ZA5DKblCBEXGjUqqemj4vczING/5viFwAL8h4N3qYeyjwdCvRLHi4EdOUI+2Z7UFlp1VM+p/AuEtm6Q==
@img/sharp-win32-ia32,0.35.5,Apache-2.0 AND LGPL-3.0-or-later,node_modules/@img/sharp-win32-ia32,False,True,REVIEW REQUIRED,Retain native licenses; exact corresponding source and replacement/relinking route required before distributing binaries.,Lockfile metadata; optional platform package not installed on this host,https://registry.npmjs.org/@img/sharp-win32-ia32/-/sharp-win32-ia32-0.35.5.tgz,sha512-5Zm82LoBc43nhwNybZlG7Y1KO//Zhsn306fQl29ZOuStHLGTo3BWL83q3cznX0poxSAMuYL1On/BHBxkBeKr6A==
@img/sharp-win32-x64,0.35.5,Apache-2.0 AND LGPL-3.0-or-later,node_modules/@img/sharp-win32-x64,False,True,REVIEW REQUIRED,Retain native licenses; exact corresponding source and replacement/relinking route required before distributing binaries.,Lockfile metadata; optional platform package not installed on this host,https://registry.npmjs.org/@img/sharp-win32-x64/-/sharp-win32-x64-0.35.5.tgz,sha512-x76eH0vEiHlcMQu8Y8IenntaACtddpT6W0wmXtWrnKcnKI7ME5DdgqhAD6SEWOEl1v2zDvkZDhFA9KnURwpfqg==
@jridgewell/gen-mapping,0.3.13,MIT,node_modules/@jridgewell/gen-mapping,True,False,ATTRIBUTION REQUIRED,"Retain exact upstream copyright and license; Apache NOTICE/modification notices, MPL file source, CC-BY attribution as applicable.",node_modules/@jridgewell/gen-mapping/LICENSE,https://registry.npmjs.org/@jridgewell/gen-mapping/-/gen-mapping-0.3.13.tgz,sha512-2kkt/7niJ6MgEPxF0bYdQ6etZaA+fQvDcLKckhy1yIQOzaoKjBBjSj63/aLVjYE3qhRt5dvM+uUyfCg6UKCBbA==
@jridgewell/remapping,2.3.5,MIT,node_modules/@jridgewell/remapping,True,False,ATTRIBUTION REQUIRED,"Retain exact upstream copyright and license; Apache NOTICE/modification notices, MPL file source, CC-BY attribution as applicable.",node_modules/@jridgewell/remapping/LICENSE,https://registry.npmjs.org/@jridgewell/remapping/-/remapping-2.3.5.tgz,sha512-LI9u/+laYG4Ds1TDKSJW2YPrIlcVYOwi2fUC6xB43lueCjgxV4lffOCZCtYFiH6TNOX+tQKXx97T4IKHbhyHEQ==
@jridgewell/resolve-uri,3.1.2,MIT,node_modules/@jridgewell/resolve-uri,True,False,ATTRIBUTION REQUIRED,"Retain exact upstream copyright and license; Apache NOTICE/modification notices, MPL file source, CC-BY attribution as applicable.",node_modules/@jridgewell/resolve-uri/LICENSE,https://registry.npmjs.org/@jridgewell/resolve-uri/-/resolve-uri-3.1.2.tgz,sha512-bRISgCIjP20/tbWSPWMEi54QVPRZExkuD9lJL+UIxUKtwVJA8wW1Trb1jMs1RFXo1CBTNZ/5hpC9QvmKWdopKw==
@jridgewell/sourcemap-codec,1.6.0,MIT,node_modules/@jridgewell/sourcemap-codec,True,False,ATTRIBUTION REQUIRED,"Retain exact upstream copyright and license; Apache NOTICE/modification notices, MPL file source, CC-BY attribution as applicable.",node_modules/@jridgewell/sourcemap-codec/LICENSE,https://registry.npmjs.org/@jridgewell/sourcemap-codec/-/sourcemap-codec-1.6.0.tgz,sha512-T7jf+5zgsZHwNJ4lvQ7/aezbyk0nNX+zJVWpmHA7VYsEx7a7qr5Rg5IbtJFqkgze5Y2sruq1RUY8Q837Od7iFw==
@jridgewell/trace-mapping,0.3.31,MIT,node_modules/@jridgewell/trace-mapping,True,False,ATTRIBUTION REQUIRED,"Retain exact upstream copyright and license; Apache NOTICE/modification notices, MPL file source, CC-BY attribution as applicable.",node_modules/@jridgewell/trace-mapping/LICENSE,https://registry.npmjs.org/@jridgewell/trace-mapping/-/trace-mapping-0.3.31.tgz,sha512-zzNR+SdQSDJzc8joaeP8QQoCQr8NuYx2dIIytl1QeBEZHJ9uW6hebsrYgbz8hJwUQao3TWCMtmfV8Nu1twOLAw==
@keyv/bigmap,1.3.1,MIT,node_modules/@keyv/bigmap,True,False,ATTRIBUTION REQUIRED,"Retain exact upstream copyright and license; Apache NOTICE/modification notices, MPL file source, CC-BY attribution as applicable.",node_modules/@keyv/bigmap/LICENSE,https://registry.npmjs.org/@keyv/bigmap/-/bigmap-1.3.1.tgz,sha512-WbzE9sdmQtKy8vrNPa9BRnwZh5UF4s1KTmSK0KUVLo3eff5BlQNNWDnFOouNpKfPKDnms9xynJjsMYjMaT/aFQ==
@keyv/serialize,1.1.1,MIT,node_modules/@keyv/serialize,True,False,ATTRIBUTION REQUIRED,"Retain exact upstream copyright and license; Apache NOTICE/modification notices, MPL file source, CC-BY attribution as applicable.",node_modules/@keyv/serialize/LICENSE,https://registry.npmjs.org/@keyv/serialize/-/serialize-1.1.1.tgz,sha512-dXn3FZhPv0US+7dtJsIi2R+c7qWYiReoEh5zUntWCf4oSpMNib8FDhSoed6m3QyZdx5hK7iLFkYk3rNxwt8vTA==
@lukeed/csprng,1.1.0,MIT,node_modules/@lukeed/csprng,False,False,ATTRIBUTION REQUIRED,"Retain exact upstream copyright and license; Apache NOTICE/modification notices, MPL file source, CC-BY attribution as applicable.",node_modules/@lukeed/csprng/license,https://registry.npmjs.org/@lukeed/csprng/-/csprng-1.1.0.tgz,sha512-Z7C/xXCiGWsg0KuKsHTKJxbWhpI3Vs5GwLfOean7MGyVFGqdRgBbAjOCh6u4bbjPc/8MJ2pZmK/0DLdCbivLDA==
@nestjs/common,12.1.1,MIT,node_modules/@nestjs/common,False,False,ATTRIBUTION REQUIRED,"Retain exact upstream copyright and license; Apache NOTICE/modification notices, MPL file source, CC-BY attribution as applicable.",node_modules/@nestjs/common/LICENSE,https://registry.npmjs.org/@nestjs/common/-/common-12.1.1.tgz,sha512-foR+9SDz53vd4WXvN5UEXbcU0i/i9mf/zXqbAWlEDQlxAooS4kZoY5X/Zr2DsUJZaLPOk3kFQdu6EhbWrhAoDQ==
@nestjs/core,12.1.1,MIT,node_modules/@nestjs/core,False,False,ATTRIBUTION REQUIRED,"Retain exact upstream copyright and license; Apache NOTICE/modification notices, MPL file source, CC-BY attribution as applicable.",node_modules/@nestjs/core/LICENSE,https://registry.npmjs.org/@nestjs/core/-/core-12.1.1.tgz,sha512-wI6zlO7sfoL4532/XXVkdPSiiXPAUsFdUkK42bTxVKoaEj60x8y8k95HtxOy5q/tUcXcB2Q4HIFKwVjgMamHeg==
@nestjs/platform-express,12.1.1,MIT,node_modules/@nestjs/platform-express,False,False,ATTRIBUTION REQUIRED,"Retain exact upstream copyright and license; Apache NOTICE/modification notices, MPL file source, CC-BY attribution as applicable.",node_modules/@nestjs/platform-express/LICENSE,https://registry.npmjs.org/@nestjs/platform-express/-/platform-express-12.1.1.tgz,sha512-8AhH8CyGK2OF8liNkUkX/l/zEX83vXnhYxrZduMDeZ2VOTEdz0DDzslQK06k1qJEIPzyBbpafYxEFOiBVYZrdg==
@nodable/entities,3.0.0,MIT,node_modules/@nodable/entities,False,False,ATTRIBUTION REQUIRED,"Retain exact upstream copyright and license; Apache NOTICE/modification notices, MPL file source, CC-BY attribution as applicable.",Lockfile metadata; optional platform package not installed on this host,https://registry.npmjs.org/@nodable/entities/-/entities-3.0.0.tgz,sha512-8L9xFeTYKhm49xfIypoe2W5wV1m/3Z58kT+7kR9A8OyFxcPduI4VmxaUMQyKYrRjUoLLSXv6EKKID5Tvj9cUVw==
@oxc-project/types,0.151.0,MIT,node_modules/@oxc-project/types,True,False,ATTRIBUTION REQUIRED,"Retain exact upstream copyright and license; Apache NOTICE/modification notices, MPL file source, CC-BY attribution as applicable.",node_modules/@oxc-project/types/LICENSE,https://registry.npmjs.org/@oxc-project/types/-/types-0.151.0.tgz,sha512-J1yXrIlNDZVzE3ada310xeAw7nH8yCAyLPuUIsjKatFPmfn5bS1oW+cM+QsGOtVWd5nhSpbwZWx/rue+r5Z+PA==
@pdf-lib/standard-fonts,1.0.0,MIT,node_modules/@pdf-lib/standard-fonts,False,False,ATTRIBUTION REQUIRED,"Retain exact upstream copyright and license; Apache NOTICE/modification notices, MPL file source, CC-BY attribution as applicable.",node_modules/@pdf-lib/standard-fonts/LICENSE.md,https://registry.npmjs.org/@pdf-lib/standard-fonts/-/standard-fonts-1.0.0.tgz,sha512-hU30BK9IUN/su0Mn9VdlVKsWBS6GyhVfqjwl1FjZN4TxP6cCw0jP2w7V3Hf5uX7M0AZJ16vey9yE0ny7Sa59ZA==
@pdf-lib/upng,1.0.1,MIT,node_modules/@pdf-lib/upng,False,False,ATTRIBUTION REQUIRED,"Retain exact upstream copyright and license; Apache NOTICE/modification notices, MPL file source, CC-BY attribution as applicable.",node_modules/@pdf-lib/upng/LICENSE,https://registry.npmjs.org/@pdf-lib/upng/-/upng-1.0.1.tgz,sha512-dQK2FUMQtowVP00mtIksrlZhdFXQZPC+taih1q4CvPZ5vqdxR/LKBaFg0oAfzd1GlHZXXSPdQfzQnt+ViGvEIQ==
@phc/format,1.0.0,MIT,node_modules/@phc/format,False,False,ATTRIBUTION REQUIRED,"Retain exact upstream copyright and license; Apache NOTICE/modification notices, MPL file source, CC-BY attribution as applicable.",node_modules/@phc/format/license,https://registry.npmjs.org/@phc/format/-/format-1.0.0.tgz,sha512-m7X9U6BG2+J+R1lSOdCiITLLrxm+cWlNI3HUFA92oLO77ObGNzaKdh8pMLqdZcshtkKuV84olNNXDfMc4FezBQ==
@playwright/test,1.63.0,Apache-2.0,node_modules/@playwright/test,True,False,ATTRIBUTION REQUIRED,"Retain exact upstream copyright and license; Apache NOTICE/modification notices, MPL file source, CC-BY attribution as applicable.",node_modules/@playwright/test/LICENSE;node_modules/@playwright/test/NOTICE,https://registry.npmjs.org/@playwright/test/-/test-1.63.0.tgz,sha512-oxMK4vllB9RK5NQ2l1pq1IfOf2AvnEuj/vYGDj0H2nMtmtZpKtCwt/l00GEO6xjGfpBNAvjovvYdCm50dRQkpQ==
@prisma/adapter-pg,7.10.0,Apache-2.0,node_modules/@prisma/adapter-pg,False,False,ATTRIBUTION REQUIRED,"Retain exact upstream copyright and license; Apache NOTICE/modification notices, MPL file source, CC-BY attribution as applicable.",node_modules/@prisma/adapter-pg/LICENSE,https://registry.npmjs.org/@prisma/adapter-pg/-/adapter-pg-7.10.0.tgz,sha512-N7nwSor0HO1Kz6xBv0TPAjAPysKK0fac6p4fVN3ensLOuzc/83Fgmln5k92eK/cvzqdkSR/2kkAqlbcdwVrwpw==
@prisma/client,7.10.0,Apache-2.0,node_modules/@prisma/client,False,False,ATTRIBUTION REQUIRED,"Retain exact upstream copyright and license; Apache NOTICE/modification notices, MPL file source, CC-BY attribution as applicable.",node_modules/@prisma/client/LICENSE,https://registry.npmjs.org/@prisma/client/-/client-7.10.0.tgz,sha512-Ubw/QS9JGIBSBUsyxAUQuK/Jcu0Tsva7le7QbLd91Kix9yJvYDdj5QkwgEbbZniH80dd+sziQcALPc+HnvQC8Q==
@prisma/client-runtime-utils,7.10.0,Apache-2.0,node_modules/@prisma/client-runtime-utils,False,False,ATTRIBUTION REQUIRED,"Retain exact upstream copyright and license; Apache NOTICE/modification notices, MPL file source, CC-BY attribution as applicable.",node_modules/@prisma/client-runtime-utils/LICENSE,https://registry.npmjs.org/@prisma/client-runtime-utils/-/client-runtime-utils-7.10.0.tgz,sha512-cnCy7lUV8/CctgKVEmqAbSLAmwqJdE/qAlqTBk/0NDk59zEb2cZ0M0M0E4vVPnqbSEYudRroQDvOWfUZH6RIfw==
@prisma/config,7.10.0,Apache-2.0,node_modules/@prisma/config,False,False,ATTRIBUTION REQUIRED,"Retain exact upstream copyright and license; Apache NOTICE/modification notices, MPL file source, CC-BY attribution as applicable.",node_modules/@prisma/config/LICENSE,https://registry.npmjs.org/@prisma/config/-/config-7.10.0.tgz,sha512-Rcg828gIRE3HOQ3pOATFjV5d/P0U9OIobxhd/IMxlfWjA4vru0eGwb0AIwFw0rmcLMVShohZYWPixVxkBHsxUA==
@prisma/debug,7.10.0,Apache-2.0,node_modules/@prisma/debug,False,False,ATTRIBUTION REQUIRED,"Retain exact upstream copyright and license; Apache NOTICE/modification notices, MPL file source, CC-BY attribution as applicable.",node_modules/@prisma/debug/LICENSE,https://registry.npmjs.org/@prisma/debug/-/debug-7.10.0.tgz,sha512-caygJKtltmRIgdJ3jRpkOr7yM4DW6zxo5uOmojKWFb3asnxWoRkQOwZmXBgD8FZp4htrX+nMpcWqDwzlQ1+Y4g==
@prisma/debug,7.2.0,Apache-2.0,node_modules/@prisma/get-platform/node_modules/@prisma/debug,False,False,ATTRIBUTION REQUIRED,"Retain exact upstream copyright and license; Apache NOTICE/modification notices, MPL file source, CC-BY attribution as applicable.",node_modules/@prisma/get-platform/node_modules/@prisma/debug/LICENSE,https://registry.npmjs.org/@prisma/debug/-/debug-7.2.0.tgz,sha512-YSGTiSlBAVJPzX4ONZmMotL+ozJwQjRmZweQNIq/ER0tQJKJynNkRB3kyvt37eOfsbMCXk3gnLF6J9OJ4QWftw==
@prisma/dev,0.24.17,ISC,node_modules/@prisma/dev,False,False,ATTRIBUTION REQUIRED,"Retain exact upstream copyright and license; Apache NOTICE/modification notices, MPL file source, CC-BY attribution as applicable.",Lockfile metadata; optional platform package not installed on this host,https://registry.npmjs.org/@prisma/dev/-/dev-0.24.17.tgz,sha512-UvdZzmpFwknnfreh6Jije84ekkYGPYEJhXG1tFzCsCfQyzJifrOo38eZc0qajzvaC6OLUOrN9ML5XfCnEZL9DA==
@prisma/driver-adapter-utils,7.10.0,Apache-2.0,node_modules/@prisma/driver-adapter-utils,False,False,ATTRIBUTION REQUIRED,"Retain exact upstream copyright and license; Apache NOTICE/modification notices, MPL file source, CC-BY attribution as applicable.",node_modules/@prisma/driver-adapter-utils/LICENSE,https://registry.npmjs.org/@prisma/driver-adapter-utils/-/driver-adapter-utils-7.10.0.tgz,sha512-u8zkcRLlaryO652T4qavBg0HmzNW5tSKdsCn6hc1PhWAp/J6k0vrxLuUs+b9o+HcjsK7Dfa01o4OFSn0frauJA==
@prisma/engines,7.10.0,Apache-2.0,node_modules/@prisma/engines,False,False,ATTRIBUTION REQUIRED,"Retain exact upstream copyright and license; Apache NOTICE/modification notices, MPL file source, CC-BY attribution as applicable.",node_modules/@prisma/engines/LICENSE,https://registry.npmjs.org/@prisma/engines/-/engines-7.10.0.tgz,sha512-KNumN6NHFwybvfdYzTee9pqwx5PvknpWAaHn6L5NsbrKdl+SQrsVZs9opKs6U6SAsvB26HDt3WybRjOhgoWOYQ==
@prisma/engines-version,7.10.0-4.0edf323efd1d98336f3f0a68684b56f689b900d3,Apache-2.0,node_modules/@prisma/engines-version,False,False,ATTRIBUTION REQUIRED,"Retain exact upstream copyright and license; Apache NOTICE/modification notices, MPL file source, CC-BY attribution as applicable.",node_modules/@prisma/engines-version/LICENSE,https://registry.npmjs.org/@prisma/engines-version/-/engines-version-7.10.0-4.0edf323efd1d98336f3f0a68684b56f689b900d3.tgz,sha512-8OJ6RuZTZ06eFUOtBwxVmv8XMmOW6HWN5F+uxUbZkGxR0Bfab1dfAdXaHPmR5mb59E+fmUo8IOzXlbLY1SClbw==
@prisma/fetch-engine,7.10.0,Apache-2.0,node_modules/@prisma/fetch-engine,False,False,ATTRIBUTION REQUIRED,"Retain exact upstream copyright and license; Apache NOTICE/modification notices, MPL file source, CC-BY attribution as applicable.",node_modules/@prisma/fetch-engine/LICENSE,https://registry.npmjs.org/@prisma/fetch-engine/-/fetch-engine-7.10.0.tgz,sha512-Zqyu8DY14t6W/xwmAxUYWCXtHrvQnSvT644EAZSsdM8NSmCS74vJJbBKdVsK3ucFpnUWkEpbO1a0CxJXrg130g==
@prisma/get-platform,7.10.0,Apache-2.0,node_modules/@prisma/engines/node_modules/@prisma/get-platform,False,False,ATTRIBUTION REQUIRED,"Retain exact upstream copyright and license; Apache NOTICE/modification notices, MPL file source, CC-BY attribution as applicable.",node_modules/@prisma/engines/node_modules/@prisma/get-platform/LICENSE,https://registry.npmjs.org/@prisma/get-platform/-/get-platform-7.10.0.tgz,sha512-0bra1LFYi8xNw0yqV62bHJNQk4BKleOngZiqPWIQc7a3+9q6rqsnqJ15BuepP8943PFMvtmgnP52juZsyYkA6w==
@prisma/get-platform,7.10.0,Apache-2.0,node_modules/@prisma/fetch-engine/node_modules/@prisma/get-platform,False,False,ATTRIBUTION REQUIRED,"Retain exact upstream copyright and license; Apache NOTICE/modification notices, MPL file source, CC-BY attribution as applicable.",node_modules/@prisma/fetch-engine/node_modules/@prisma/get-platform/LICENSE,https://registry.npmjs.org/@prisma/get-platform/-/get-platform-7.10.0.tgz,sha512-0bra1LFYi8xNw0yqV62bHJNQk4BKleOngZiqPWIQc7a3+9q6rqsnqJ15BuepP8943PFMvtmgnP52juZsyYkA6w==
@prisma/get-platform,7.2.0,Apache-2.0,node_modules/@prisma/get-platform,False,False,ATTRIBUTION REQUIRED,"Retain exact upstream copyright and license; Apache NOTICE/modification notices, MPL file source, CC-BY attribution as applicable.",node_modules/@prisma/get-platform/LICENSE,https://registry.npmjs.org/@prisma/get-platform/-/get-platform-7.2.0.tgz,sha512-k1V0l0Td1732EHpAfi2eySTezyllok9dXb6UQanajkJQzPUGi3vO2z7jdkz67SypFTdmbnyGYxvEvYZdZsMAVA==
@prisma/query-plan-executor,7.2.0,Apache-2.0,node_modules/@prisma/query-plan-executor,False,False,ATTRIBUTION REQUIRED,"Retain exact upstream copyright and license; Apache NOTICE/modification notices, MPL file source, CC-BY attribution as applicable.",node_modules/@prisma/query-plan-executor/LICENSE,https://registry.npmjs.org/@prisma/query-plan-executor/-/query-plan-executor-7.2.0.tgz,sha512-EOZmNzcV8uJ0mae3DhTsiHgoNCuu1J9mULQpGCh62zN3PxPTd+qI9tJvk5jOst8WHKQNwJWR3b39t0XvfBB0WQ==
@prisma/streams-local,0.1.11,Apache-2.0,node_modules/@prisma/streams-local,False,False,ATTRIBUTION REQUIRED,"Retain exact upstream copyright and license; Apache NOTICE/modification notices, MPL file source, CC-BY attribution as applicable.",node_modules/@prisma/streams-local/LICENSE,https://registry.npmjs.org/@prisma/streams-local/-/streams-local-0.1.11.tgz,sha512-0TcebL559MByKqTJ+SsrFIEg228iw8UCVRFckzgfRSiJqczhs+MuAgWOF9lnOIV/IVqvu+KMnFTH0eDeTQMpUg==
@prisma/studio-core,0.33.0,Apache-2.0,node_modules/@prisma/studio-core,False,False,ATTRIBUTION REQUIRED,"Retain exact upstream copyright and license; Apache NOTICE/modification notices, MPL file source, CC-BY attribution as applicable.",node_modules/@prisma/studio-core/LICENSE;node_modules/@prisma/studio-core/NOTICE,https://registry.npmjs.org/@prisma/studio-core/-/studio-core-0.33.0.tgz,sha512-V2fX/nKEymNTrHXwfP26PGjoLStO35Ogu+ex7CFJbLrMYEcZxxZpiSNOs7px23Hk5mzLWvM5RsqG6Ka+rha+wg==
@radix-ui/primitive,1.1.3,MIT,node_modules/@radix-ui/primitive,False,False,ATTRIBUTION REQUIRED,"Retain exact upstream copyright and license; Apache NOTICE/modification notices, MPL file source, CC-BY attribution as applicable.",node_modules/@radix-ui/primitive/LICENSE,https://registry.npmjs.org/@radix-ui/primitive/-/primitive-1.1.3.tgz,sha512-JTF99U/6XIjCBo0wqkU5sK10glYe27MRRsfwoiq5zzOEZLHU3A3KCMa5X/azekYRCJ0HlwI0crAXS/5dEHTzDg==
@radix-ui/react-compose-refs,1.1.2,MIT,node_modules/@radix-ui/react-compose-refs,False,False,ATTRIBUTION REQUIRED,"Retain exact upstream copyright and license; Apache NOTICE/modification notices, MPL file source, CC-BY attribution as applicable.",Lockfile metadata; optional platform package not installed on this host,https://registry.npmjs.org/@radix-ui/react-compose-refs/-/react-compose-refs-1.1.2.tgz,sha512-z4eqJvfiNnFMHIIvXP3CY57y2WJs5g2v3X0zm9mEJkrkNv4rDxu+sg9Jh8EkXyeqBkB7SOcboo9dMVqhyrACIg==
@radix-ui/react-primitive,2.1.3,MIT,node_modules/@radix-ui/react-primitive,False,False,ATTRIBUTION REQUIRED,"Retain exact upstream copyright and license; Apache NOTICE/modification notices, MPL file source, CC-BY attribution as applicable.",node_modules/@radix-ui/react-primitive/LICENSE,https://registry.npmjs.org/@radix-ui/react-primitive/-/react-primitive-2.1.3.tgz,sha512-m9gTwRkhy2lvCPe6QJp4d3G1TYEUHn/FzJUtq9MjH46an1wJU+GdoGC5VLof8RX8Ft/DlpshApkhswDLZzHIcQ==
@radix-ui/react-slot,1.2.3,MIT,node_modules/@radix-ui/react-slot,False,False,ATTRIBUTION REQUIRED,"Retain exact upstream copyright and license; Apache NOTICE/modification notices, MPL file source, CC-BY attribution as applicable.",node_modules/@radix-ui/react-slot/LICENSE,https://registry.npmjs.org/@radix-ui/react-slot/-/react-slot-1.2.3.tgz,sha512-aeNmHnBxbi2St0au6VBVC7JXFlhLlOnvIIlePNniyUNAClzmtAUEY8/pBiK3iHjufOlwA+c20/8jngo7xcrg8A==
@radix-ui/react-toggle,1.1.10,MIT,node_modules/@radix-ui/react-toggle,False,False,ATTRIBUTION REQUIRED,"Retain exact upstream copyright and license; Apache NOTICE/modification notices, MPL file source, CC-BY attribution as applicable.",node_modules/@radix-ui/react-toggle/LICENSE,https://registry.npmjs.org/@radix-ui/react-toggle/-/react-toggle-1.1.10.tgz,sha512-lS1odchhFTeZv3xwHH31YPObmJn8gOg7Lq12inrr0+BH/l3Tsq32VfjqH1oh80ARM3mlkfMic15n0kg4sD1poQ==
@radix-ui/react-use-controllable-state,1.2.2,MIT,node_modules/@radix-ui/react-use-controllable-state,False,False,ATTRIBUTION REQUIRED,"Retain exact upstream copyright and license; Apache NOTICE/modification notices, MPL file source, CC-BY attribution as applicable.",node_modules/@radix-ui/react-use-controllable-state/LICENSE,https://registry.npmjs.org/@radix-ui/react-use-controllable-state/-/react-use-controllable-state-1.2.2.tgz,sha512-BjasUjixPFdS+NKkypcyyN5Pmg83Olst0+c6vGov0diwTEo6mgdqVR6hxcEgFuh4QrAs7Rc+9KuGJ9TVCj0Zzg==
@radix-ui/react-use-effect-event,0.0.2,MIT,node_modules/@radix-ui/react-use-effect-event,False,False,ATTRIBUTION REQUIRED,"Retain exact upstream copyright and license; Apache NOTICE/modification notices, MPL file source, CC-BY attribution as applicable.",node_modules/@radix-ui/react-use-effect-event/LICENSE,https://registry.npmjs.org/@radix-ui/react-use-effect-event/-/react-use-effect-event-0.0.2.tgz,sha512-Qp8WbZOBe+blgpuUT+lw2xheLP8q0oatc9UpmiemEICxGvFLYmHm9QowVZGHtJlGbS6A6yJ3iViad/2cVjnOiA==
@radix-ui/react-use-layout-effect,1.1.1,MIT,node_modules/@radix-ui/react-use-layout-effect,False,False,ATTRIBUTION REQUIRED,"Retain exact upstream copyright and license; Apache NOTICE/modification notices, MPL file source, CC-BY attribution as applicable.",Lockfile metadata; optional platform package not installed on this host,https://registry.npmjs.org/@radix-ui/react-use-layout-effect/-/react-use-layout-effect-1.1.1.tgz,sha512-RbJRS4UWQFkzHTTwVymMTUv8EqYhOp8dOOviLj2ugtTiXRaRQS7GLGxZTLL1jWhMeoSCf5zmcZkqTl9IiYfXcQ==
@rolldown/binding-android-arm-eabi,1.2.11,MIT,node_modules/@rolldown/binding-android-arm-eabi,True,True,ATTRIBUTION REQUIRED,"Retain exact upstream copyright and license; Apache NOTICE/modification notices, MPL file source, CC-BY attribution as applicable.",Lockfile metadata; optional platform package not installed on this host,https://registry.npmjs.org/@rolldown/binding-android-arm-eabi/-/binding-android-arm-eabi-1.2.11.tgz,sha512-A5kXfGKvKWWZE0TtPrfsvT+q4Y5d1QG8gGUzpYjGydM+fARM9MuX90PrXYXe0XbsDVgyxxNzHo6giCj90bsFNw==
@rolldown/binding-android-arm64,1.2.11,MIT,node_modules/@rolldown/binding-android-arm64,True,True,ATTRIBUTION REQUIRED,"Retain exact upstream copyright and license; Apache NOTICE/modification notices, MPL file source, CC-BY attribution as applicable.",Lockfile metadata; optional platform package not installed on this host,https://registry.npmjs.org/@rolldown/binding-android-arm64/-/binding-android-arm64-1.2.11.tgz,sha512-z6cTycz+iJ4PVkuL4HHW4DfTfoeU/2nqYYuSOrTmH7yHK5Y0LCOnA03V4ZNxavyVaU1oOqUgIg2klN/s+USGOA==
@rolldown/binding-darwin-arm64,1.2.11,MIT,node_modules/@rolldown/binding-darwin-arm64,True,True,ATTRIBUTION REQUIRED,"Retain exact upstream copyright and license; Apache NOTICE/modification notices, MPL file source, CC-BY attribution as applicable.",Lockfile metadata; optional platform package not installed on this host,https://registry.npmjs.org/@rolldown/binding-darwin-arm64/-/binding-darwin-arm64-1.2.11.tgz,sha512-jShvqNtP6vDC6/A5JOAzbVV+DkgHqhl/ScVCJEbt+TUY6QYz7YnXcrg3sLtFBniro0f/Ld50ZwCWA6f7KYD1nQ==
@rolldown/binding-darwin-x64,1.2.11,MIT,node_modules/@rolldown/binding-darwin-x64,True,True,ATTRIBUTION REQUIRED,"Retain exact upstream copyright and license; Apache NOTICE/modification notices, MPL file source, CC-BY attribution as applicable.",Lockfile metadata; optional platform package not installed on this host,https://registry.npmjs.org/@rolldown/binding-darwin-x64/-/binding-darwin-x64-1.2.11.tgz,sha512-f2i2xiNWq1Z1l2++q2fuhZRdLAT3aqxD6vRNm1RAxpUoBcdqNB3C0s1Bt+K+PbEx2F5F4gQp6hqKkphCY/xF9w==
@rolldown/binding-freebsd-x64,1.2.11,MIT,node_modules/@rolldown/binding-freebsd-x64,True,True,ATTRIBUTION REQUIRED,"Retain exact upstream copyright and license; Apache NOTICE/modification notices, MPL file source, CC-BY attribution as applicable.",Lockfile metadata; optional platform package not installed on this host,https://registry.npmjs.org/@rolldown/binding-freebsd-x64/-/binding-freebsd-x64-1.2.11.tgz,sha512-4Ir5FSOKIAMr4r0kExpt1s3bMgzJU3rA45AYOHtQpls0oNeqcYBKrWMlckrYH4KCfGLfkfn1tN1dmZPMVsdXow==
@rolldown/binding-linux-arm-gnueabihf,1.2.11,MIT,node_modules/@rolldown/binding-linux-arm-gnueabihf,True,True,ATTRIBUTION REQUIRED,"Retain exact upstream copyright and license; Apache NOTICE/modification notices, MPL file source, CC-BY attribution as applicable.",Lockfile metadata; optional platform package not installed on this host,https://registry.npmjs.org/@rolldown/binding-linux-arm-gnueabihf/-/binding-linux-arm-gnueabihf-1.2.11.tgz,sha512-/gnRDM+39BROzAN/k1OZjDPnDMcZxB/0EUxKjONO5yVkNEvlsoMDrxGNKgZi/ttFriS2gwlDNzB65pvNbFOXIQ==
@rolldown/binding-linux-arm64-gnu,1.2.11,MIT,node_modules/@rolldown/binding-linux-arm64-gnu,True,True,ATTRIBUTION REQUIRED,"Retain exact upstream copyright and license; Apache NOTICE/modification notices, MPL file source, CC-BY attribution as applicable.",Lockfile metadata; optional platform package not installed on this host,https://registry.npmjs.org/@rolldown/binding-linux-arm64-gnu/-/binding-linux-arm64-gnu-1.2.11.tgz,sha512-PFaK8HwvAHbaKbBcDNQihjMKYvFnA5hiENx/l5tphTDz1E0WFp32l0A7aq7lyUwGsRw/xSrNIy/gIK4thrSCrw==
@rolldown/binding-linux-arm64-musl,1.2.11,MIT,node_modules/@rolldown/binding-linux-arm64-musl,True,True,ATTRIBUTION REQUIRED,"Retain exact upstream copyright and license; Apache NOTICE/modification notices, MPL file source, CC-BY attribution as applicable.",Lockfile metadata; optional platform package not installed on this host,https://registry.npmjs.org/@rolldown/binding-linux-arm64-musl/-/binding-linux-arm64-musl-1.2.11.tgz,sha512-AskzJUIKRLPxkruR1wLKewGbOw+EYfU/9lOrBFj4AFrEA8hPpKFnODWNu2WLaNs0QNkEb9QIJufmVZZIL/bJlg==
@rolldown/binding-linux-ppc64-gnu,1.2.11,MIT,node_modules/@rolldown/binding-linux-ppc64-gnu,True,True,ATTRIBUTION REQUIRED,"Retain exact upstream copyright and license; Apache NOTICE/modification notices, MPL file source, CC-BY attribution as applicable.",Lockfile metadata; optional platform package not installed on this host,https://registry.npmjs.org/@rolldown/binding-linux-ppc64-gnu/-/binding-linux-ppc64-gnu-1.2.11.tgz,sha512-qlUGAheh2yh8afH7QBgx0PrRHN85hKnNd78x8MeMhXivuevgd8vgf6/CstOzmNKY/lLTHvNTrPy98cLnAugzJw==
@rolldown/binding-linux-s390x-gnu,1.2.11,MIT,node_modules/@rolldown/binding-linux-s390x-gnu,True,True,ATTRIBUTION REQUIRED,"Retain exact upstream copyright and license; Apache NOTICE/modification notices, MPL file source, CC-BY attribution as applicable.",Lockfile metadata; optional platform package not installed on this host,https://registry.npmjs.org/@rolldown/binding-linux-s390x-gnu/-/binding-linux-s390x-gnu-1.2.11.tgz,sha512-secpEad+0vCbSfn8upFySkDskv+bGPk3THSDS9Y89yc4rb4kzqHp8Dmyd9BkQW4SnhNXBZCl/6CrO//hZahNJQ==
@rolldown/binding-linux-x64-gnu,1.2.11,MIT,node_modules/@rolldown/binding-linux-x64-gnu,True,True,ATTRIBUTION REQUIRED,"Retain exact upstream copyright and license; Apache NOTICE/modification notices, MPL file source, CC-BY attribution as applicable.",Lockfile metadata; optional platform package not installed on this host,https://registry.npmjs.org/@rolldown/binding-linux-x64-gnu/-/binding-linux-x64-gnu-1.2.11.tgz,sha512-mOVBT3dPpkWm8XBWPmU4bf+U6dYDLeMo/9ojUmis4N0L5uu10qra5vOyngZ7/PSdoE4G9KvRt4bloRxNjLas7A==
@rolldown/binding-linux-x64-musl,1.2.11,MIT,node_modules/@rolldown/binding-linux-x64-musl,True,True,ATTRIBUTION REQUIRED,"Retain exact upstream copyright and license; Apache NOTICE/modification notices, MPL file source, CC-BY attribution as applicable.",Lockfile metadata; optional platform package not installed on this host,https://registry.npmjs.org/@rolldown/binding-linux-x64-musl/-/binding-linux-x64-musl-1.2.11.tgz,sha512-Is78i9A8Ui4SqcxUwFJ9uMmjDn58IbVTjFWYdQestFEgeuEmHMLGNriXnVJKkwG2YiZjw8cP0zCTyDMdDGtOOg==
@rolldown/binding-openharmony-arm64,1.2.11,MIT,node_modules/@rolldown/binding-openharmony-arm64,True,True,ATTRIBUTION REQUIRED,"Retain exact upstream copyright and license; Apache NOTICE/modification notices, MPL file source, CC-BY attribution as applicable.",Lockfile metadata; optional platform package not installed on this host,https://registry.npmjs.org/@rolldown/binding-openharmony-arm64/-/binding-openharmony-arm64-1.2.11.tgz,sha512-dUCXneZ87INUMyQ0D+C0HrEBNUPNXHaPmU5GTjyKTJEiussw9Kaj5Ln8UztPe4epV/ffvgNBEadksdYhmW6xJA==
@rolldown/binding-win32-arm64-msvc,1.2.11,MIT,node_modules/@rolldown/binding-win32-arm64-msvc,True,True,ATTRIBUTION REQUIRED,"Retain exact upstream copyright and license; Apache NOTICE/modification notices, MPL file source, CC-BY attribution as applicable.",Lockfile metadata; optional platform package not installed on this host,https://registry.npmjs.org/@rolldown/binding-win32-arm64-msvc/-/binding-win32-arm64-msvc-1.2.11.tgz,sha512-jByxb6qfd+bH1xUd0qnfFnb17i9sWBPY2tOavJ0l3tdr3OTu+Kvtm8cd/JV5nFt657b1VqGltxg9olOEfofXWw==
@rolldown/binding-win32-x64-msvc,1.2.11,MIT,node_modules/@rolldown/binding-win32-x64-msvc,True,True,ATTRIBUTION REQUIRED,"Retain exact upstream copyright and license; Apache NOTICE/modification notices, MPL file source, CC-BY attribution as applicable.",Lockfile metadata; optional platform package not installed on this host,https://registry.npmjs.org/@rolldown/binding-win32-x64-msvc/-/binding-win32-x64-msvc-1.2.11.tgz,sha512-/PzKqzAJ03i19oy2ItPvyvaVjOjBCNnfaJs8yvUdGBKmiESgnrJSQ2awd81QzFbbnAmu7YO9ZnJrDCb9VSJPRA==
@rolldown/pluginutils,1.0.1,MIT,node_modules/@rolldown/pluginutils,True,False,ATTRIBUTION REQUIRED,"Retain exact upstream copyright and license; Apache NOTICE/modification notices, MPL file source, CC-BY attribution as applicable.",node_modules/@rolldown/pluginutils/LICENSE,https://registry.npmjs.org/@rolldown/pluginutils/-/pluginutils-1.0.1.tgz,sha512-2j9bGt5Jh8hj+vPtgzPtl72j0yRxHAyumoo6TNfAjsLB04UtpSvPbPcDcBMxz7n+9CYB0c1GxQFxYRg2jimqGw==
@smithy/core,3.35.0,Apache-2.0,node_modules/@smithy/core,False,False,ATTRIBUTION REQUIRED,"Retain exact upstream copyright and license; Apache NOTICE/modification notices, MPL file source, CC-BY attribution as applicable.",node_modules/@smithy/core/LICENSE,https://registry.npmjs.org/@smithy/core/-/core-3.35.0.tgz,sha512-zRMhfkByhT2snNdr1si24vJitU6Cr9ix2MikUfWmkAgp4jrNP0GcKSP5YvwQ+TlI8AZXER5QOGJn3JsVtSD9/A==
@smithy/credential-provider-imds,4.5.2,Apache-2.0,node_modules/@smithy/credential-provider-imds,False,False,ATTRIBUTION REQUIRED,"Retain exact upstream copyright and license; Apache NOTICE/modification notices, MPL file source, CC-BY attribution as applicable.",node_modules/@smithy/credential-provider-imds/LICENSE,https://registry.npmjs.org/@smithy/credential-provider-imds/-/credential-provider-imds-4.5.2.tgz,sha512-A9uSdn72ozbRUSit0eib0TW7nXuNPlaeM0zcGkJ+nE6tFcSDbnmtwoxbTCFBukVQcszDAyvsd7+rTduPTXpygg==
@smithy/fetch-http-handler,5.8.0,Apache-2.0,node_modules/@smithy/fetch-http-handler,False,False,ATTRIBUTION REQUIRED,"Retain exact upstream copyright and license; Apache NOTICE/modification notices, MPL file source, CC-BY attribution as applicable.",node_modules/@smithy/fetch-http-handler/LICENSE,https://registry.npmjs.org/@smithy/fetch-http-handler/-/fetch-http-handler-5.8.0.tgz,sha512-ycSJu3tFAQ4v04CBB0agqFMVsSQ1iG3yw+SpgxRqKfaURpQD4CZ8Wn0zPMmSnOuTpTh65Vz+EA0rMrw089wvkA==
@smithy/node-http-handler,4.12.1,Apache-2.0,node_modules/@smithy/node-http-handler,False,False,ATTRIBUTION REQUIRED,"Retain exact upstream copyright and license; Apache NOTICE/modification notices, MPL file source, CC-BY attribution as applicable.",node_modules/@smithy/node-http-handler/LICENSE,https://registry.npmjs.org/@smithy/node-http-handler/-/node-http-handler-4.12.1.tgz,sha512-ThMkboGeONWXAelq9FvGsuJC4rOi+qyC4/zhUF58xYpxUg5sQKx2VXZYJmtNjr4dSuBJ1HeJXETQILCz3wOHvw==
@smithy/signature-v4,5.7.4,Apache-2.0,node_modules/@smithy/signature-v4,False,False,ATTRIBUTION REQUIRED,"Retain exact upstream copyright and license; Apache NOTICE/modification notices, MPL file source, CC-BY attribution as applicable.",node_modules/@smithy/signature-v4/LICENSE,https://registry.npmjs.org/@smithy/signature-v4/-/signature-v4-5.7.4.tgz,sha512-tHy0K0VtqNd5Y7Y41h0a0Lhh0L1GzC08dTWg0F7vRJWFtTENg7IZikf3wQkanYIRdb7ngoIPMTmqgUi401fEeQ==
@smithy/types,4.19.0,Apache-2.0,node_modules/@smithy/types,False,False,ATTRIBUTION REQUIRED,"Retain exact upstream copyright and license; Apache NOTICE/modification notices, MPL file source, CC-BY attribution as applicable.",node_modules/@smithy/types/LICENSE,https://registry.npmjs.org/@smithy/types/-/types-4.19.0.tgz,sha512-r7jh49VJxGerfAcTQA6gXcKc+98zOp/tqRwzYjgOE+iSQsP6cEU1hq2QzbuipmP68QtYdY9wKEhiCQZIzHgZ4Q==
@standard-schema/spec,1.1.0,MIT,node_modules/@standard-schema/spec,False,False,ATTRIBUTION REQUIRED,"Retain exact upstream copyright and license; Apache NOTICE/modification notices, MPL file source, CC-BY attribution as applicable.",node_modules/@standard-schema/spec/LICENSE,https://registry.npmjs.org/@standard-schema/spec/-/spec-1.1.0.tgz,sha512-l2aFy5jALhniG5HgqrD6jXLi/rUWrKvqN/qJx6yoJsgKhblVd+iqqU4RCXavm/jPityDo5TCvKMnpjKnOriy0w==
@standard-schema/utils,0.3.0,MIT,node_modules/@standard-schema/utils,False,False,ATTRIBUTION REQUIRED,"Retain exact upstream copyright and license; Apache NOTICE/modification notices, MPL file source, CC-BY attribution as applicable.",node_modules/@standard-schema/utils/LICENSE,https://registry.npmjs.org/@standard-schema/utils/-/utils-0.3.0.tgz,sha512-e7Mew686owMaPJVNNLs55PUvgz371nKgwsc4vxE49zsODpJEnxgxRo2y/OKrqueavXgZNMDVj3DdHFlaSAeU8g==
@tanstack/query-core,5.104.0,MIT,node_modules/@tanstack/query-core,False,False,ATTRIBUTION REQUIRED,"Retain exact upstream copyright and license; Apache NOTICE/modification notices, MPL file source, CC-BY attribution as applicable.",node_modules/@tanstack/query-core/LICENSE,https://registry.npmjs.org/@tanstack/query-core/-/query-core-5.104.0.tgz,sha512-JrC2r/JQlXt7khBSdUpsgxNvybzOg+aITa+ARRMlP2AFo93Y8vIqz077rp+e61mJetSZ0T6AJbwW1JHer1vrPQ==
@tanstack/react-query,5.104.0,MIT,node_modules/@tanstack/react-query,False,False,ATTRIBUTION REQUIRED,"Retain exact upstream copyright and license; Apache NOTICE/modification notices, MPL file source, CC-BY attribution as applicable.",node_modules/@tanstack/react-query/LICENSE,https://registry.npmjs.org/@tanstack/react-query/-/react-query-5.104.0.tgz,sha512-e1TZmDCQnWIfiDVryIHeA6Idj+Lfx1hORLOhXS/l5wcgvtVD4yYqbTDl378sGQKIi2cSgb0TEMC9cKK8GGoJEw==
@testing-library/dom,10.4.2,MIT,node_modules/@testing-library/dom,True,False,ATTRIBUTION REQUIRED,"Retain exact upstream copyright and license; Apache NOTICE/modification notices, MPL file source, CC-BY attribution as applicable.",node_modules/@testing-library/dom/LICENSE,https://registry.npmjs.org/@testing-library/dom/-/dom-10.4.2.tgz,sha512-yzr2S9HyAIdhz2/6qHgbs665Q7PKVcDF05vsOlHPxG1mo36gKVesdYVeDLnXgfjJ03CrKRk08knc6+E/9m8v2Q==
@testing-library/jest-dom,7.0.1,MIT,node_modules/@testing-library/jest-dom,True,False,ATTRIBUTION REQUIRED,"Retain exact upstream copyright and license; Apache NOTICE/modification notices, MPL file source, CC-BY attribution as applicable.",node_modules/@testing-library/jest-dom/LICENSE,https://registry.npmjs.org/@testing-library/jest-dom/-/jest-dom-7.0.1.tgz,sha512-oMDTC3oA+6CXSO2JZnvOI7CA6oVub6kij5ggk9ohwye5slmkwxYDXcPOVxgMw/RQlticjtO0C1RZkR97HgrWMw==
@testing-library/react,16.3.3,MIT,node_modules/@testing-library/react,True,False,ATTRIBUTION REQUIRED,"Retain exact upstream copyright and license; Apache NOTICE/modification notices, MPL file source, CC-BY attribution as applicable.",node_modules/@testing-library/react/LICENSE,https://registry.npmjs.org/@testing-library/react/-/react-16.3.3.tgz,sha512-Uo193NgQbPMz6lrrhtRQQFcMC6Re/ELLFbbuVL30WDlZxlpZf9/lMHTAVxPRLw1q1iu9OJmR1c2BLiENRstdBg==
@testing-library/user-event,14.6.7,MIT,node_modules/@testing-library/user-event,True,False,ATTRIBUTION REQUIRED,"Retain exact upstream copyright and license; Apache NOTICE/modification notices, MPL file source, CC-BY attribution as applicable.",node_modules/@testing-library/user-event/LICENSE,https://registry.npmjs.org/@testing-library/user-event/-/user-event-14.6.7.tgz,sha512-MPCpX8bxe8zS+JmmTwLp8jd0dy1rAm60Te/SL8JrQM3qvQJcBOs1d7IefJMyZzqM3EWBrDn/LWDt1BCGu4ASfg==
@tokenizer/inflate,0.4.1,MIT,node_modules/@tokenizer/inflate,False,False,ATTRIBUTION REQUIRED,"Retain exact upstream copyright and license; Apache NOTICE/modification notices, MPL file source, CC-BY attribution as applicable.",node_modules/@tokenizer/inflate/LICENSE,https://registry.npmjs.org/@tokenizer/inflate/-/inflate-0.4.1.tgz,sha512-2mAv+8pkG6GIZiF1kNg1jAjh27IDxEPKwdGul3snfztFerfPGI1LjDezZp3i7BElXompqEtPmoPx6c2wgtWsOA==
@tokenizer/token,0.3.0,MIT,node_modules/@tokenizer/token,False,False,ATTRIBUTION REQUIRED,"Retain exact upstream copyright and license; Apache NOTICE/modification notices, MPL file source, CC-BY attribution as applicable.",Lockfile metadata; optional platform package not installed on this host,https://registry.npmjs.org/@tokenizer/token/-/token-0.3.0.tgz,sha512-OvjF+z51L3ov0OyAU0duzsYuvO01PH7x4t6DJx+guahgTnBHkhJdG7soQeTSFLWN3efnHyibZ4Z8l2EuWwJN3A==
@types/aria-query,5.0.4,MIT,node_modules/@types/aria-query,True,False,ATTRIBUTION REQUIRED,"Retain exact upstream copyright and license; Apache NOTICE/modification notices, MPL file source, CC-BY attribution as applicable.",node_modules/@types/aria-query/LICENSE,https://registry.npmjs.org/@types/aria-query/-/aria-query-5.0.4.tgz,sha512-rfT93uj5s0PRL7EzccGMs3brplhcrghnDoV26NqKhCAS1hVo+WdNsPvE/yb6ilfr5hi2MEk6d5EWJTKdxg8jVw==
@types/body-parser,1.19.6,MIT,node_modules/@types/body-parser,True,False,ATTRIBUTION REQUIRED,"Retain exact upstream copyright and license; Apache NOTICE/modification notices, MPL file source, CC-BY attribution as applicable.",node_modules/@types/body-parser/LICENSE,https://registry.npmjs.org/@types/body-parser/-/body-parser-1.19.6.tgz,sha512-HLFeCYgz89uk22N5Qg3dvGvsv46B8GLvKKo1zKG4NybA8U2DiEO3w9lqGg29t/tfLRJpJ6iQxnVw4OnB7MoM9g==
@types/chai,5.2.3,MIT,node_modules/@types/chai,True,False,ATTRIBUTION REQUIRED,"Retain exact upstream copyright and license; Apache NOTICE/modification notices, MPL file source, CC-BY attribution as applicable.",node_modules/@types/chai/LICENSE,https://registry.npmjs.org/@types/chai/-/chai-5.2.3.tgz,sha512-Mw558oeA9fFbv65/y4mHtXDs9bPnFMZAL/jxdPFUpOHHIXX91mcgEHbS5Lahr+pwZFR8A7GQleRWeI6cGFC2UA==
@types/connect,3.4.38,MIT,node_modules/@types/connect,True,False,ATTRIBUTION REQUIRED,"Retain exact upstream copyright and license; Apache NOTICE/modification notices, MPL file source, CC-BY attribution as applicable.",node_modules/@types/connect/LICENSE,https://registry.npmjs.org/@types/connect/-/connect-3.4.38.tgz,sha512-K6uROf1LD88uDQqJCktA4yzL1YYAK6NgfsI0v/mTgyPKWsX1CnJ0XPSDhViejru1GcRkLWb8RlzFYJRqGUbaug==
@types/cookie-parser,1.4.10,MIT,node_modules/@types/cookie-parser,True,False,ATTRIBUTION REQUIRED,"Retain exact upstream copyright and license; Apache NOTICE/modification notices, MPL file source, CC-BY attribution as applicable.",node_modules/@types/cookie-parser/LICENSE,https://registry.npmjs.org/@types/cookie-parser/-/cookie-parser-1.4.10.tgz,sha512-B4xqkqfZ8Wek+rCOeRxsjMS9OgvzebEzzLYw7NHYuvzb7IdxOkI0ZHGgeEBX4PUM7QGVvNSK60T3OvWj3YfBRg==
@types/d3-array,3.0.3,MIT,node_modules/@types/d3-array,False,False,ATTRIBUTION REQUIRED,"Retain exact upstream copyright and license; Apache NOTICE/modification notices, MPL file source, CC-BY attribution as applicable.",node_modules/@types/d3-array/LICENSE,https://registry.npmjs.org/@types/d3-array/-/d3-array-3.0.3.tgz,sha512-Reoy+pKnvsksN0lQUlcH6dOGjRZ/3WRwXR//m+/8lt1BXeI4xyaUZoqULNjyXXRuh0Mj4LNpkCvhUpQlY3X5xQ==
@types/d3-color,3.1.0,MIT,node_modules/@types/d3-color,False,False,ATTRIBUTION REQUIRED,"Retain exact upstream copyright and license; Apache NOTICE/modification notices, MPL file source, CC-BY attribution as applicable.",node_modules/@types/d3-color/LICENSE,https://registry.npmjs.org/@types/d3-color/-/d3-color-3.1.0.tgz,sha512-HKuicPHJuvPgCD+np6Se9MQvS6OCbJmOjGvylzMJRlDwUXjKTTXs6Pwgk79O09Vj/ho3u1ofXnhFOaEWWPrlwA==
@types/d3-delaunay,6.0.1,MIT,node_modules/@types/d3-delaunay,False,False,ATTRIBUTION REQUIRED,"Retain exact upstream copyright and license; Apache NOTICE/modification notices, MPL file source, CC-BY attribution as applicable.",node_modules/@types/d3-delaunay/LICENSE,https://registry.npmjs.org/@types/d3-delaunay/-/d3-delaunay-6.0.1.tgz,sha512-tLxQ2sfT0p6sxdG75c6f/ekqxjyYR0+LwPrsO1mbC9YDBzPJhs2HbJJRrn8Ez1DBoHRo2yx7YEATI+8V1nGMnQ==
@types/d3-format,3.0.1,MIT,node_modules/@types/d3-format,False,False,ATTRIBUTION REQUIRED,"Retain exact upstream copyright and license; Apache NOTICE/modification notices, MPL file source, CC-BY attribution as applicable.",node_modules/@types/d3-format/LICENSE,https://registry.npmjs.org/@types/d3-format/-/d3-format-3.0.1.tgz,sha512-5KY70ifCCzorkLuIkDe0Z9YTf9RR2CjBX1iaJG+rgM/cPP+sO+q9YdQ9WdhQcgPj1EQiJ2/0+yUkkziTG6Lubg==
@types/d3-geo,3.1.0,MIT,node_modules/@types/d3-geo,False,False,ATTRIBUTION REQUIRED,"Retain exact upstream copyright and license; Apache NOTICE/modification notices, MPL file source, CC-BY attribution as applicable.",node_modules/@types/d3-geo/LICENSE,https://registry.npmjs.org/@types/d3-geo/-/d3-geo-3.1.0.tgz,sha512-856sckF0oP/diXtS4jNsiQw/UuK5fQG8l/a9VVLeSouf1/PPbBE1i1W852zVwKwYCBkFJJB7nCFTbk6UMEXBOQ==
@types/d3-interpolate,3.0.1,MIT,node_modules/@types/d3-interpolate,False,False,ATTRIBUTION REQUIRED,"Retain exact upstream copyright and license; Apache NOTICE/modification notices, MPL file source, CC-BY attribution as applicable.",node_modules/@types/d3-interpolate/LICENSE,https://registry.npmjs.org/@types/d3-interpolate/-/d3-interpolate-3.0.1.tgz,sha512-jx5leotSeac3jr0RePOH1KdR9rISG91QIE4Q2PYTu4OymLTZfA3SrnURSLzKH48HmXVUru50b8nje4E79oQSQw==
@types/d3-path,3.1.1,MIT,node_modules/@types/d3-path,False,False,ATTRIBUTION REQUIRED,"Retain exact upstream copyright and license; Apache NOTICE/modification notices, MPL file source, CC-BY attribution as applicable.",node_modules/@types/d3-path/LICENSE,https://registry.npmjs.org/@types/d3-path/-/d3-path-3.1.1.tgz,sha512-VMZBYyQvbGmWyWVea0EHs/BwLgxc+MKi1zLDCONksozI4YJMcTt8ZEuIR4Sb1MMTE8MMW49v0IwI5+b7RmfWlg==
@types/d3-scale,4.0.2,MIT,node_modules/@types/d3-scale,False,False,ATTRIBUTION REQUIRED,"Retain exact upstream copyright and license; Apache NOTICE/modification notices, MPL file source, CC-BY attribution as applicable.",node_modules/@types/d3-scale/LICENSE,https://registry.npmjs.org/@types/d3-scale/-/d3-scale-4.0.2.tgz,sha512-Yk4htunhPAwN0XGlIwArRomOjdoBFXC3+kCxK2Ubg7I9shQlVSJy/pG/Ht5ASN+gdMIalpk8TJ5xV74jFsetLA==
@types/d3-shape,3.1.7,MIT,node_modules/@types/d3-shape,False,False,ATTRIBUTION REQUIRED,"Retain exact upstream copyright and license; Apache NOTICE/modification notices, MPL file source, CC-BY attribution as applicable.",node_modules/@types/d3-shape/LICENSE,https://registry.npmjs.org/@types/d3-shape/-/d3-shape-3.1.7.tgz,sha512-VLvUQ33C+3J+8p+Daf+nYSOsjB4GXp19/S/aGo60m9h1v6XaxjiT82lKVWJCfzhtuZ3yD7i/TPeC/fuKLLOSmg==
@types/d3-time,3.0.0,MIT,node_modules/@types/d3-time,False,False,ATTRIBUTION REQUIRED,"Retain exact upstream copyright and license; Apache NOTICE/modification notices, MPL file source, CC-BY attribution as applicable.",node_modules/@types/d3-time/LICENSE,https://registry.npmjs.org/@types/d3-time/-/d3-time-3.0.0.tgz,sha512-sZLCdHvBUcNby1cB6Fd3ZBrABbjz3v1Vm90nysCQ6Vt7vd6e/h9Lt7SiJUoEX0l4Dzc7P5llKyhqSi1ycSf1Hg==
@types/d3-time-format,2.1.0,MIT,node_modules/@types/d3-time-format,False,False,ATTRIBUTION REQUIRED,"Retain exact upstream copyright and license; Apache NOTICE/modification notices, MPL file source, CC-BY attribution as applicable.",node_modules/@types/d3-time-format/LICENSE,https://registry.npmjs.org/@types/d3-time-format/-/d3-time-format-2.1.0.tgz,sha512-/myT3I7EwlukNOX2xVdMzb8FRgNzRMpsZddwst9Ld/VFe6LyJyRp0s32l/V9XoUzk+Gqu56F/oGk6507+8BxrA==
@types/deep-eql,4.0.2,MIT,node_modules/@types/deep-eql,True,False,ATTRIBUTION REQUIRED,"Retain exact upstream copyright and license; Apache NOTICE/modification notices, MPL file source, CC-BY attribution as applicable.",node_modules/@types/deep-eql/LICENSE,https://registry.npmjs.org/@types/deep-eql/-/deep-eql-4.0.2.tgz,sha512-c9h9dVVMigMPc4bwTvC5dxqtqJZwQPePsWjPlpSOnojbor6pGqdk541lfA7AqFQr5pB1BRdq0juY9db81BwyFw==
@types/esrecurse,4.3.1,MIT,node_modules/@types/esrecurse,True,False,ATTRIBUTION REQUIRED,"Retain exact upstream copyright and license; Apache NOTICE/modification notices, MPL file source, CC-BY attribution as applicable.",node_modules/@types/esrecurse/LICENSE,https://registry.npmjs.org/@types/esrecurse/-/esrecurse-4.3.1.tgz,sha512-xJBAbDifo5hpffDBuHl0Y8ywswbiAp/Wi7Y/GtAgSlZyIABppyurxVueOPE8LUQOxdlgi6Zqce7uoEpqNTeiUw==
@types/estree,1.0.9,MIT,node_modules/@types/estree,True,False,ATTRIBUTION REQUIRED,"Retain exact upstream copyright and license; Apache NOTICE/modification notices, MPL file source, CC-BY attribution as applicable.",node_modules/@types/estree/LICENSE,https://registry.npmjs.org/@types/estree/-/estree-1.0.9.tgz,sha512-GhdPgy1el4/ImP05X05Uw4cw2/M93BCUmnEvWZNStlCzEKME4Fkk+YpoA5OiHNQmoS7Cafb8Xa3Pya8m1Qrzeg==
@types/express,5.0.6,MIT,node_modules/@types/express,True,False,ATTRIBUTION REQUIRED,"Retain exact upstream copyright and license; Apache NOTICE/modification notices, MPL file source, CC-BY attribution as applicable.",node_modules/@types/express/LICENSE,https://registry.npmjs.org/@types/express/-/express-5.0.6.tgz,sha512-sKYVuV7Sv9fbPIt/442koC7+IIwK5olP1KWeD88e/idgoJqDm3JV/YUiPwkoKK92ylff2MGxSz1CSjsXelx0YA==
@types/express-serve-static-core,5.1.3,MIT,node_modules/@types/express-serve-static-core,True,False,ATTRIBUTION REQUIRED,"Retain exact upstream copyright and license; Apache NOTICE/modification notices, MPL file source, CC-BY attribution as applicable.",node_modules/@types/express-serve-static-core/LICENSE,https://registry.npmjs.org/@types/express-serve-static-core/-/express-serve-static-core-5.1.3.tgz,sha512-dPfW8NFiOF4wOHc7+N/QSxlY9cfSsenewGbAz8C8U/MULPd/YZ27LvJUIlzaXie7e6Ove9YunJGgC9tbHD2cKw==
@types/geojson,7946.0.16,MIT,node_modules/@types/geojson,False,False,ATTRIBUTION REQUIRED,"Retain exact upstream copyright and license; Apache NOTICE/modification notices, MPL file source, CC-BY attribution as applicable.",node_modules/@types/geojson/LICENSE,https://registry.npmjs.org/@types/geojson/-/geojson-7946.0.16.tgz,sha512-6C8nqWur3j98U6+lXDfTUWIfgvZU+EumvpHKcYjujKH7woYyLj2sUmff0tRhrqM7BohUw7Pz3ZB1jj2gW9Fvmg==
@types/http-errors,2.0.5,MIT,node_modules/@types/http-errors,True,False,ATTRIBUTION REQUIRED,"Retain exact upstream copyright and license; Apache NOTICE/modification notices, MPL file source, CC-BY attribution as applicable.",node_modules/@types/http-errors/LICENSE,https://registry.npmjs.org/@types/http-errors/-/http-errors-2.0.5.tgz,sha512-r8Tayk8HJnX0FztbZN7oVqGccWgw98T/0neJphO91KkmOzug1KkofZURD4UaD5uH8AqcFLfdPErnBod0u71/qg==
@types/json-schema,7.0.15,MIT,node_modules/@types/json-schema,True,False,ATTRIBUTION REQUIRED,"Retain exact upstream copyright and license; Apache NOTICE/modification notices, MPL file source, CC-BY attribution as applicable.",node_modules/@types/json-schema/LICENSE,https://registry.npmjs.org/@types/json-schema/-/json-schema-7.0.15.tgz,sha512-5+fP8P8MFNC+AyZCDxrB2pkZFPGzqQWUzpSeuuVLvm8VMcorNYavBqoFcxK8bQz4Qsbn4oUEEem4wDLfcysGHA==
@types/lodash,4.17.25,MIT,node_modules/@types/lodash,False,False,ATTRIBUTION REQUIRED,"Retain exact upstream copyright and license; Apache NOTICE/modification notices, MPL file source, CC-BY attribution as applicable.",node_modules/@types/lodash/LICENSE,https://registry.npmjs.org/@types/lodash/-/lodash-4.17.25.tgz,sha512-+K1NIO8I+F9/wNulfVvu23QYd0Pe9/OCqRrim4NoYIf1VoEDL90Ve4ClzpyqBLc7NpGGWRvYNCKZ1BE/Jpf8dQ==
@types/node,24.19.0,MIT,node_modules/@types/node,False,False,ATTRIBUTION REQUIRED,"Retain exact upstream copyright and license; Apache NOTICE/modification notices, MPL file source, CC-BY attribution as applicable.",node_modules/@types/node/LICENSE,https://registry.npmjs.org/@types/node/-/node-24.19.0.tgz,sha512-zY+5tKxXdhGh1PYI0ac+7juvEu4OI6vWtVVoj5i2m42jxAY1U+zHGt6QCyOFwykdP62sM3MJ9stoYYUw5aCWew==
@types/pg,8.23.1,MIT,node_modules/@types/pg,False,False,ATTRIBUTION REQUIRED,"Retain exact upstream copyright and license; Apache NOTICE/modification notices, MPL file source, CC-BY attribution as applicable.",node_modules/@types/pg/LICENSE,https://registry.npmjs.org/@types/pg/-/pg-8.23.1.tgz,sha512-fKVHpikPdg4GKks3JuLEhvwSyvwzF23hnabPy6DD8ljVbC7+6J5dQzdv4arV6jqq57djnMgs1HKBxX4P8aBI3A==
@types/qs,6.15.1,MIT,node_modules/@types/qs,True,False,ATTRIBUTION REQUIRED,"Retain exact upstream copyright and license; Apache NOTICE/modification notices, MPL file source, CC-BY attribution as applicable.",node_modules/@types/qs/LICENSE,https://registry.npmjs.org/@types/qs/-/qs-6.15.1.tgz,sha512-GZHUBZR9hckSUhrxmp1nG6NwdpM9fCunJwyThLW1X3AyHgd9IlHb6VANpQQqDr2o/qQp6McZ3y/IA2rVzKzSbw==
@types/range-parser,1.2.7,MIT,node_modules/@types/range-parser,True,False,ATTRIBUTION REQUIRED,"Retain exact upstream copyright and license; Apache NOTICE/modification notices, MPL file source, CC-BY attribution as applicable.",node_modules/@types/range-parser/LICENSE,https://registry.npmjs.org/@types/range-parser/-/range-parser-1.2.7.tgz,sha512-hKormJbkJqzQGhziax5PItDUTMAM9uE2XXQmM37dyd4hVM+5aVl7oVxMVUiVQn2oCQFN/LKCZdvSM0pFRqbSmQ==
@types/react,19.3.0,MIT,node_modules/@types/react,False,False,ATTRIBUTION REQUIRED,"Retain exact upstream copyright and license; Apache NOTICE/modification notices, MPL file source, CC-BY attribution as applicable.",node_modules/@types/react/LICENSE,https://registry.npmjs.org/@types/react/-/react-19.3.0.tgz,sha512-N0rFCuH9YoxG9/m61l9MfpJKfmLOVU0em7ipIz6TRgSSkvReLB9vL85GB+yr8Bs5leqpvg96JSwF4ZS1s4viQg==
@types/react-dom,19.3.0,MIT,node_modules/@types/react-dom,False,False,ATTRIBUTION REQUIRED,"Retain exact upstream copyright and license; Apache NOTICE/modification notices, MPL file source, CC-BY attribution as applicable.",node_modules/@types/react-dom/LICENSE,https://registry.npmjs.org/@types/react-dom/-/react-dom-19.3.0.tgz,sha512-ZI7bU42mZXXKHn/qNLEw2IrbiINU7X5+vfgdixBHkCNpYWXjKgfQ/P+uyGb5CjOLB9UcnTeg3rylQtV2hym44Q==
@types/send,1.2.1,MIT,node_modules/@types/send,True,False,ATTRIBUTION REQUIRED,"Retain exact upstream copyright and license; Apache NOTICE/modification notices, MPL file source, CC-BY attribution as applicable.",node_modules/@types/send/LICENSE,https://registry.npmjs.org/@types/send/-/send-1.2.1.tgz,sha512-arsCikDvlU99zl1g69TcAB3mzZPpxgw0UQnaHeC1Nwb015xp8bknZv5rIfri9xTOcMuaVgvabfIRA7PSZVuZIQ==
@types/serve-static,2.2.0,MIT,node_modules/@types/serve-static,True,False,ATTRIBUTION REQUIRED,"Retain exact upstream copyright and license; Apache NOTICE/modification notices, MPL file source, CC-BY attribution as applicable.",node_modules/@types/serve-static/LICENSE,https://registry.npmjs.org/@types/serve-static/-/serve-static-2.2.0.tgz,sha512-8mam4H1NHLtu7nmtalF7eyBH14QyOASmcxHhSfEoRyr0nP/YdoesEtU+uSRvMe96TW/HPTtkoKqQLl53N7UXMQ==
@types/yauzl,3.4.0,MIT,node_modules/@types/yauzl,True,False,ATTRIBUTION REQUIRED,"Retain exact upstream copyright and license; Apache NOTICE/modification notices, MPL file source, CC-BY attribution as applicable.",node_modules/@types/yauzl/LICENSE,https://registry.npmjs.org/@types/yauzl/-/yauzl-3.4.0.tgz,sha512-NRPn5w6h8dhcnmx3YIRQcqMywY/+nND/uOkJessedcrowO3C0AssHp3tMJpxKAwOhFOo0OV1y9VtsC5hbKKBAw==
@typescript-eslint/eslint-plugin,8.71.0,MIT,node_modules/@typescript-eslint/eslint-plugin,True,False,ATTRIBUTION REQUIRED,"Retain exact upstream copyright and license; Apache NOTICE/modification notices, MPL file source, CC-BY attribution as applicable.",node_modules/@typescript-eslint/eslint-plugin/LICENSE,https://registry.npmjs.org/@typescript-eslint/eslint-plugin/-/eslint-plugin-8.71.0.tgz,sha512-pqcS9c1HxZTHt7End4nXqd0s5lJrrFzrgCkKFJrsbUnaL6M3+6oBFZaslg6Gjsl3argl2DDRFROnXARaZ2e4Nw==
@typescript-eslint/parser,8.71.0,MIT,node_modules/@typescript-eslint/parser,True,False,ATTRIBUTION REQUIRED,"Retain exact upstream copyright and license; Apache NOTICE/modification notices, MPL file source, CC-BY attribution as applicable.",node_modules/@typescript-eslint/parser/LICENSE,https://registry.npmjs.org/@typescript-eslint/parser/-/parser-8.71.0.tgz,sha512-CG4nPk1f2zc8yw4pALqHsFYH2hdo+h1T9daSp21+Hnxi9LOE3GT9hAfTKJCBXVNM2GmYs1eMEP615wPoeOgk3A==
@typescript-eslint/project-service,8.71.0,MIT,node_modules/@typescript-eslint/project-service,True,False,ATTRIBUTION REQUIRED,"Retain exact upstream copyright and license; Apache NOTICE/modification notices, MPL file source, CC-BY attribution as applicable.",node_modules/@typescript-eslint/project-service/LICENSE,https://registry.npmjs.org/@typescript-eslint/project-service/-/project-service-8.71.0.tgz,sha512-aABjw5rjBacYONVPaPiWOCjJu0vEF4a25iQuodlmQYL1trtLZ0X/y+2Vzl3BKI1odM4LnwLE1oUDXYp1wzx1TQ==
@typescript-eslint/scope-manager,8.71.0,MIT,node_modules/@typescript-eslint/scope-manager,True,False,ATTRIBUTION REQUIRED,"Retain exact upstream copyright and license; Apache NOTICE/modification notices, MPL file source, CC-BY attribution as applicable.",node_modules/@typescript-eslint/scope-manager/LICENSE,https://registry.npmjs.org/@typescript-eslint/scope-manager/-/scope-manager-8.71.0.tgz,sha512-gWF0BhUcnjZxSpLE8ngS/59n2SB0J3YqRxvX1+2aoRJk9hNtHSLOV+TcarFiOr5ipXm3yc1QrI4c9YZc8zyCxw==
@typescript-eslint/tsconfig-utils,8.71.0,MIT,node_modules/@typescript-eslint/tsconfig-utils,True,False,ATTRIBUTION REQUIRED,"Retain exact upstream copyright and license; Apache NOTICE/modification notices, MPL file source, CC-BY attribution as applicable.",node_modules/@typescript-eslint/tsconfig-utils/LICENSE,https://registry.npmjs.org/@typescript-eslint/tsconfig-utils/-/tsconfig-utils-8.71.0.tgz,sha512-Z1UlWHADEK2Mlb9NpWfDeSjqoZ5EyrOv4R3eQpbkzqn/EwaIdOpXXupEA1+0ZIOSJSZZDBHG0BrQyN8zUG6Pwg==
@typescript-eslint/type-utils,8.71.0,MIT,node_modules/@typescript-eslint/type-utils,True,False,ATTRIBUTION REQUIRED,"Retain exact upstream copyright and license; Apache NOTICE/modification notices, MPL file source, CC-BY attribution as applicable.",node_modules/@typescript-eslint/type-utils/LICENSE,https://registry.npmjs.org/@typescript-eslint/type-utils/-/type-utils-8.71.0.tgz,sha512-i8uO1qbdxeKgRnS5sCRt6On3/nfo2d2DwQe3Yvjx543zLy7r8ySqRuPPiIIXAhS03U0v5NfAFx+rUgxFzKKwNw==
@typescript-eslint/types,8.71.0,MIT,node_modules/@typescript-eslint/types,True,False,ATTRIBUTION REQUIRED,"Retain exact upstream copyright and license; Apache NOTICE/modification notices, MPL file source, CC-BY attribution as applicable.",node_modules/@typescript-eslint/types/LICENSE,https://registry.npmjs.org/@typescript-eslint/types/-/types-8.71.0.tgz,sha512-cJ4OoxPGWvFnBTnSZyaU+qJzGTqPTGJY+gDchj6cRyLRdmIdt4rcsE4twj+zPfrNiWuVi38wijHzShL++Z9atQ==
@typescript-eslint/typescript-estree,8.71.0,MIT,node_modules/@typescript-eslint/typescript-estree,True,False,ATTRIBUTION REQUIRED,"Retain exact upstream copyright and license; Apache NOTICE/modification notices, MPL file source, CC-BY attribution as applicable.",node_modules/@typescript-eslint/typescript-estree/LICENSE,https://registry.npmjs.org/@typescript-eslint/typescript-estree/-/typescript-estree-8.71.0.tgz,sha512-PEEF4G5sLLWAS5BpPrUvms4ySZkiBQQZM4z+3ReI46axK5Vqr/vXBQatJQIZZOYdGyPUAKTtsrWzpqKuU+3DEw==
@typescript-eslint/utils,8.71.0,MIT,node_modules/@typescript-eslint/utils,True,False,ATTRIBUTION REQUIRED,"Retain exact upstream copyright and license; Apache NOTICE/modification notices, MPL file source, CC-BY attribution as applicable.",node_modules/@typescript-eslint/utils/LICENSE,https://registry.npmjs.org/@typescript-eslint/utils/-/utils-8.71.0.tgz,sha512-pKR/tEMVrXZG23UFKUn5BQf3zfmfk7KQceI2cGzywZ5nxM5Eu3hEJU1utjWzydtzBbcJAQhHN8iPCxobHpPcZQ==
@typescript-eslint/visitor-keys,8.71.0,MIT,node_modules/@typescript-eslint/visitor-keys,True,False,ATTRIBUTION REQUIRED,"Retain exact upstream copyright and license; Apache NOTICE/modification notices, MPL file source, CC-BY attribution as applicable.",node_modules/@typescript-eslint/visitor-keys/LICENSE,https://registry.npmjs.org/@typescript-eslint/visitor-keys/-/visitor-keys-8.71.0.tgz,sha512-8eQ9R218XORK+KLosnf4bu/QsUXvUyVwTbArg7/0NMB1Pu87OJKvj4nhFblkYE8gQV73mW1dx1ptlPCkwRGa7A==
@visx/curve,4.0.1-alpha.0,MIT,node_modules/@visx/curve,False,False,ATTRIBUTION REQUIRED,"Retain exact upstream copyright and license; Apache NOTICE/modification notices, MPL file source, CC-BY attribution as applicable.",node_modules/@visx/curve/LICENSE,https://registry.npmjs.org/@visx/curve/-/curve-4.0.1-alpha.0.tgz,sha512-jRu61Uz274pV1zyioXmboyrLutYbnKsgjj4njSGCnhdXj5GkZvZbg+ThDb6oOzoAnJOBRLz4rzPlWvNJOzuVMg==
@visx/event,4.0.1-alpha.0,MIT,node_modules/@visx/event,False,False,ATTRIBUTION REQUIRED,"Retain exact upstream copyright and license; Apache NOTICE/modification notices, MPL file source, CC-BY attribution as applicable.",node_modules/@visx/event/LICENSE,https://registry.npmjs.org/@visx/event/-/event-4.0.1-alpha.0.tgz,sha512-EQqCMSv/s8NbFjo+hz3FKsvvYfP+2QslsFJ/24/O5l/W+7UC6J6aAvO0ujVwrTwdYbuQ+vhxKi1xdPdKR/qj1g==
@visx/grid,4.0.1-alpha.0,MIT,node_modules/@visx/grid,False,False,ATTRIBUTION REQUIRED,"Retain exact upstream copyright and license; Apache NOTICE/modification notices, MPL file source, CC-BY attribution as applicable.",node_modules/@visx/grid/LICENSE,https://registry.npmjs.org/@visx/grid/-/grid-4.0.1-alpha.0.tgz,sha512-rycutGmTHO+znNdPumheWMglm7YfpffvRwUkVy5zy4WoORIuKTMkDxwnOzHG2xMxU3EE/YCd37xFV5AxA30yeg==
@visx/group,4.0.1-alpha.0,MIT,node_modules/@visx/group,False,False,ATTRIBUTION REQUIRED,"Retain exact upstream copyright and license; Apache NOTICE/modification notices, MPL file source, CC-BY attribution as applicable.",node_modules/@visx/group/LICENSE,https://registry.npmjs.org/@visx/group/-/group-4.0.1-alpha.0.tgz,sha512-V19l7iQ7jccBv8kao/EByuI6o4xtxzzLV9nqVI1hRvmdzTVsuLpqlwzYCZUXJaTVvUWf8s4D2SQFjGkj/Nw+0w==
@visx/point,4.0.1-alpha.0,MIT,node_modules/@visx/point,False,False,ATTRIBUTION REQUIRED,"Retain exact upstream copyright and license; Apache NOTICE/modification notices, MPL file source, CC-BY attribution as applicable.",node_modules/@visx/point/LICENSE,https://registry.npmjs.org/@visx/point/-/point-4.0.1-alpha.0.tgz,sha512-ijTfr/Nx09f03vIj9nyTr3z4Xth4Y75427UaogJh6dnIRLMEFHQOwNu791sbfiNj0a+ZXuaE32h0vKrFe4/8Qg==
@visx/responsive,4.0.1-alpha.0,MIT,node_modules/@visx/responsive,False,False,ATTRIBUTION REQUIRED,"Retain exact upstream copyright and license; Apache NOTICE/modification notices, MPL file source, CC-BY attribution as applicable.",node_modules/@visx/responsive/LICENSE,https://registry.npmjs.org/@visx/responsive/-/responsive-4.0.1-alpha.0.tgz,sha512-o+1zGywQZY0+yOx3Iw87wc4bbPJRr/HnIukTwfOz4UVyj9pB1OQNVHB7OORO1+LBHJceWpB31co/ZV9KHncKrA==
@visx/scale,4.0.1-alpha.0,MIT,node_modules/@visx/scale,False,False,ATTRIBUTION REQUIRED,"Retain exact upstream copyright and license; Apache NOTICE/modification notices, MPL file source, CC-BY attribution as applicable.",node_modules/@visx/scale/LICENSE,https://registry.npmjs.org/@visx/scale/-/scale-4.0.1-alpha.0.tgz,sha512-nzjeE87vFSAXGWFiiNfBpNLAf0Q8Qmf6syvKLjqNi4kGZkdhbUll3E/59YsgWXmjM8+llPLWzGsP+JPvo5eq1A==
@visx/shape,4.0.1-alpha.0,MIT,node_modules/@visx/shape,False,False,ATTRIBUTION REQUIRED,"Retain exact upstream copyright and license; Apache NOTICE/modification notices, MPL file source, CC-BY attribution as applicable.",node_modules/@visx/shape/LICENSE,https://registry.npmjs.org/@visx/shape/-/shape-4.0.1-alpha.0.tgz,sha512-62QeiVNmPlterQGwhkEDcbq7M0MqY0lBsK5QKXtM9ZoPZWkuGV3aykA3+Xu20B2FAvyJq4LqJzBc7Sxr+EAdbA==
@visx/vendor,4.0.0-alpha.0,MIT and ISC,node_modules/@visx/vendor,False,False,ATTRIBUTION REQUIRED,"Retain exact upstream copyright and license; Apache NOTICE/modification notices, MPL file source, CC-BY attribution as applicable.",node_modules/@visx/vendor/LICENSE,https://registry.npmjs.org/@visx/vendor/-/vendor-4.0.0-alpha.0.tgz,sha512-6I+MuqXBcv9jnlcVowHoHKSdk9gXTWkHLKyqBwRWg7LY6A3Ei8SHfubpqGV5rBUSppxMq2RszPJUS6w+H0YgmQ==
@vitejs/plugin-react,6.1.1,MIT,app/frontend/node_modules/@vitejs/plugin-react,True,False,ATTRIBUTION REQUIRED,"Retain exact upstream copyright and license; Apache NOTICE/modification notices, MPL file source, CC-BY attribution as applicable.",app/frontend/node_modules/@vitejs/plugin-react/LICENSE,https://registry.npmjs.org/@vitejs/plugin-react/-/plugin-react-6.1.1.tgz,sha512-yxLaQV9gkhS8ezJqCM6+ndU7mDY6gqAg75NQ+0IjwEI8IYOmQCgkRwHKVSfWXW076DsqMo0Dk+0FK1U+M5RgFw==
@vitest/mocker,5.0.2,MIT,node_modules/@vitest/mocker,True,False,ATTRIBUTION REQUIRED,"Retain exact upstream copyright and license; Apache NOTICE/modification notices, MPL file source, CC-BY attribution as applicable.",node_modules/@vitest/mocker/LICENSE,https://registry.npmjs.org/@vitest/mocker/-/mocker-5.0.2.tgz,sha512-Z5FS00Q1SJHkB35xATsmWGdQ5WA1/0MV3CDjqyv7GavHv1OfOj145MNfHOlHk7QLes21dKFDHr8EO2zvL+9WGA==
@vitest/spy,5.0.2,MIT,node_modules/@vitest/spy,True,False,ATTRIBUTION REQUIRED,"Retain exact upstream copyright and license; Apache NOTICE/modification notices, MPL file source, CC-BY attribution as applicable.",node_modules/@vitest/spy/LICENSE,https://registry.npmjs.org/@vitest/spy/-/spy-5.0.2.tgz,sha512-Ijc7T1nT9efNb5LxvjaBrEqw3f/QwUv5EE0nKqZxgqsaV/FxAAZ8baGylA8X/Z2oS4Lp+K74Jr6dTJsDKxJDeg==
accepts,2.0.0,MIT,node_modules/accepts,False,False,ATTRIBUTION REQUIRED,"Retain exact upstream copyright and license; Apache NOTICE/modification notices, MPL file source, CC-BY attribution as applicable.",node_modules/accepts/LICENSE,https://registry.npmjs.org/accepts/-/accepts-2.0.0.tgz,sha512-5cvg6CtKwfgdmVqY1WIiXKc3Q1bkRqGLi+2W/6ao+6Y7gu/RCwRuAhGEzh5B4KlszSuTLgZYuqFqo5bImjNKng==
acorn,8.18.0,MIT,node_modules/acorn,True,False,ATTRIBUTION REQUIRED,"Retain exact upstream copyright and license; Apache NOTICE/modification notices, MPL file source, CC-BY attribution as applicable.",node_modules/acorn/LICENSE,https://registry.npmjs.org/acorn/-/acorn-8.18.0.tgz,sha512-lGq+9yr1/GuAWaVYIHRjvvySG5/4VfKIvC8EWxStPdcDh/Ka7FG3twP6v4d5BkravUilhIAsG4Qj83t02LWUPQ==
acorn-jsx,5.3.2,MIT,node_modules/acorn-jsx,True,False,ATTRIBUTION REQUIRED,"Retain exact upstream copyright and license; Apache NOTICE/modification notices, MPL file source, CC-BY attribution as applicable.",node_modules/acorn-jsx/LICENSE,https://registry.npmjs.org/acorn-jsx/-/acorn-jsx-5.3.2.tgz,sha512-rq9s+JNhf0IChjtDXxllJ7g41oZk5SlXtp0LHwyA5cejwn7vKmKp4pPri6YEePv2PU65sAsegbXtIinmDFDXgQ==
ajv,8.20.0,MIT,node_modules/@prisma/streams-local/node_modules/ajv,False,False,ATTRIBUTION REQUIRED,"Retain exact upstream copyright and license; Apache NOTICE/modification notices, MPL file source, CC-BY attribution as applicable.",node_modules/@prisma/streams-local/node_modules/ajv/LICENSE,https://registry.npmjs.org/ajv/-/ajv-8.20.0.tgz,sha512-Thbli+OlOj+iMPYFBVBfJ3OmCAnaSyNn4M1vz9T6Gka5Jt9ba/HIR56joy65tY6kx/FCF5VXNB819Y7/GUrBGA==
ajv,6.15.0,MIT,node_modules/ajv,False,False,ATTRIBUTION REQUIRED,"Retain exact upstream copyright and license; Apache NOTICE/modification notices, MPL file source, CC-BY attribution as applicable.",node_modules/ajv/LICENSE,https://registry.npmjs.org/ajv/-/ajv-6.15.0.tgz,sha512-fgFx7Hfoq60ytK2c7DhnF8jIvzYgOMxfugjLOSMHjLIPgenqa7S7oaagATUq99mV6IYvN2tRmC0wnTYX6iPbMw==
ansi-regex,5.0.1,MIT,node_modules/ansi-regex,True,False,ATTRIBUTION REQUIRED,"Retain exact upstream copyright and license; Apache NOTICE/modification notices, MPL file source, CC-BY attribution as applicable.",node_modules/ansi-regex/license,https://registry.npmjs.org/ansi-regex/-/ansi-regex-5.0.1.tgz,sha512-quJQXlTSUGL2LH9SUXo8VwsY4soanhgo6LNSm84E1LBcE8s3O0wpdiRzyR9z/ZZJMlMWv37qOOb9pdJlMUEKFQ==
ansi-styles,5.2.0,MIT,node_modules/pretty-format/node_modules/ansi-styles,True,False,ATTRIBUTION REQUIRED,"Retain exact upstream copyright and license; Apache NOTICE/modification notices, MPL file source, CC-BY attribution as applicable.",node_modules/pretty-format/node_modules/ansi-styles/license,https://registry.npmjs.org/ansi-styles/-/ansi-styles-5.2.0.tgz,sha512-Cxwpt2SfTzTtXcfOlzGEee8O+c+MmUgGrNiBcXnuWxuFJHe6a5Hz7qwhwe5OgaSYI0IJvkLqWX1ASG+cJOkEiA==
anynum,1.0.1,MIT,node_modules/anynum,False,False,ATTRIBUTION REQUIRED,"Retain exact upstream copyright and license; Apache NOTICE/modification notices, MPL file source, CC-BY attribution as applicable.",node_modules/anynum/LICENSE,https://registry.npmjs.org/anynum/-/anynum-1.0.1.tgz,sha512-N6//FLET/tXYNM/F6ABca1oH6fWB+KlTt909Le28WMDBk8oaT4vY17DCrwg2MvmuqUKt3Ni4N5dGJ/EoBgcO6A==
append-field,1.0.0,MIT,node_modules/append-field,False,False,ATTRIBUTION REQUIRED,"Retain exact upstream copyright and license; Apache NOTICE/modification notices, MPL file source, CC-BY attribution as applicable.",node_modules/append-field/LICENSE,https://registry.npmjs.org/append-field/-/append-field-1.0.0.tgz,sha512-klpgFSWLW1ZEs8svjfb7g4qWY0YS5imI82dTg+QahUvJ8YqAY0P10Uk8tTyh9ZGuYEZEMaeJYCF5BFuX552hsw==
argon2,0.45.1,MIT,node_modules/argon2,False,False,ATTRIBUTION REQUIRED,"Retain exact upstream copyright and license; Apache NOTICE/modification notices, MPL file source, CC-BY attribution as applicable.",node_modules/argon2/LICENSE,https://registry.npmjs.org/argon2/-/argon2-0.45.1.tgz,sha512-skm+/WCjkGqCQxF7FG1LuZXM5yvbFjgbfiCGsud2oLgaDhh6b6dbH0b1EkghbM+xx4Bj8Ape+KKgixoIlWZicQ==
aria-query,5.3.0,Apache-2.0,node_modules/aria-query,True,False,ATTRIBUTION REQUIRED,"Retain exact upstream copyright and license; Apache NOTICE/modification notices, MPL file source, CC-BY attribution as applicable.",node_modules/aria-query/LICENSE,https://registry.npmjs.org/aria-query/-/aria-query-5.3.0.tgz,sha512-b0P0sZPKtyu8HkeRAfCq0IfURZK+SuwMjY1UXGBU27wpAiTwQAIlq56IbIO+ytk/JjS1fMR14ee5WBBfKi5J6A==
assertion-error,2.0.1,MIT,node_modules/assertion-error,True,False,ATTRIBUTION REQUIRED,"Retain exact upstream copyright and license; Apache NOTICE/modification notices, MPL file source, CC-BY attribution as applicable.",node_modules/assertion-error/LICENSE,https://registry.npmjs.org/assertion-error/-/assertion-error-2.0.1.tgz,sha512-Izi8RQcffqCeNVgFigKli1ssklIbpHnCYc6AknXGYoB6grJqyeby7jv12JUQgmTAnIDnbck1uxksT4dzN3PWBA==
aws-ssl-profiles,1.1.2,MIT,node_modules/aws-ssl-profiles,False,False,ATTRIBUTION REQUIRED,"Retain exact upstream copyright and license; Apache NOTICE/modification notices, MPL file source, CC-BY attribution as applicable.",node_modules/aws-ssl-profiles/LICENSE,https://registry.npmjs.org/aws-ssl-profiles/-/aws-ssl-profiles-1.1.2.tgz,sha512-NZKeq9AfyQvEeNlN0zSYAaWrmBffJh3IELMZfRpJVWgrpEbtEpnjvzqBPf+mxoI287JohRDoa+/nsfqqiZmF6g==
axe-core,4.13.0,MPL-2.0,node_modules/axe-core,True,False,ATTRIBUTION REQUIRED,"Retain exact upstream copyright and license; Apache NOTICE/modification notices, MPL file source, CC-BY attribution as applicable.",node_modules/axe-core/LICENSE;node_modules/axe-core/LICENSE-3RD-PARTY.txt,https://registry.npmjs.org/axe-core/-/axe-core-4.13.0.tgz,sha512-UzGt8zg7Ny8djbYMhxl2zuEevVa7r2gJjYY5Lwr1xM7+XU2nd6CkIWFTVcCIbAP63vSz71NaVyyuSk9lHKcy0A==
balanced-match,4.0.4,MIT,node_modules/balanced-match,True,False,ATTRIBUTION REQUIRED,"Retain exact upstream copyright and license; Apache NOTICE/modification notices, MPL file source, CC-BY attribution as applicable.",node_modules/balanced-match/LICENSE.md,https://registry.npmjs.org/balanced-match/-/balanced-match-4.0.4.tgz,sha512-BLrgEcRTwX2o6gGxGOCNyMvGSp35YofuYzw9h1IMTRmKqttAZZVU67bdb9Pr2vUHA8+j3i2tJfjO6C6+4myGTA==
baseline-browser-mapping,2.11.26,Apache-2.0,node_modules/baseline-browser-mapping,True,False,ATTRIBUTION REQUIRED,"Retain exact upstream copyright and license; Apache NOTICE/modification notices, MPL file source, CC-BY attribution as applicable.",node_modules/baseline-browser-mapping/LICENSE.txt,https://registry.npmjs.org/baseline-browser-mapping/-/baseline-browser-mapping-2.11.26.tgz,sha512-GLQdD3y6UF8iVuMJl5fHgE4jdn/ua7n+toKfLgNlg3BqQtOZjpy68T8Tup8/wGWZCDlm7KMg7tPb4MPn7oN0TQ==
better-result,2.10.0,MIT,node_modules/better-result,False,False,ATTRIBUTION REQUIRED,"Retain exact upstream copyright and license; Apache NOTICE/modification notices, MPL file source, CC-BY attribution as applicable.",node_modules/better-result/LICENSE,https://registry.npmjs.org/better-result/-/better-result-2.10.0.tgz,sha512-oQhh0y1qo2/ZKdAAEvHZAqKKiHOFU5k/bW96fE2ScgQOVkJRiHwB+nOS1SgFsYqRlxMDWvefXi9Q3px7QvgNDw==
bidi-js,1.1.0,MIT,node_modules/bidi-js,True,False,ATTRIBUTION REQUIRED,"Retain exact upstream copyright and license; Apache NOTICE/modification notices, MPL file source, CC-BY attribution as applicable.",node_modules/bidi-js/LICENSE.txt,https://registry.npmjs.org/bidi-js/-/bidi-js-1.1.0.tgz,sha512-fX1Onk0tdVPC7obPWB5EbJ1z7NVhLq4m2xZLq2YXBkxzMXIGRpNMU88n0EPgWseKl12J7zXs7qrDxPK4sRs2fg==
body-parser,2.3.0,MIT,node_modules/body-parser,False,False,ATTRIBUTION REQUIRED,"Retain exact upstream copyright and license; Apache NOTICE/modification notices, MPL file source, CC-BY attribution as applicable.",node_modules/body-parser/LICENSE,https://registry.npmjs.org/body-parser/-/body-parser-2.3.0.tgz,sha512-2cGmJupaNgg+QUwVLAucDuWuoMZ6EX9iHDRswZ5lsNYEmwPaRknMPCLZz07yTzVq/83p4o/wzbDZbBrTvGGTIw==
bowser,2.14.1,MIT,node_modules/bowser,False,False,ATTRIBUTION REQUIRED,"Retain exact upstream copyright and license; Apache NOTICE/modification notices, MPL file source, CC-BY attribution as applicable.",node_modules/bowser/LICENSE,https://registry.npmjs.org/bowser/-/bowser-2.14.1.tgz,sha512-tzPjzCxygAKWFOJP011oxFHs57HzIhOEracIgAePE4pqB3LikALKnSzUyU4MGs9/iCEUuHlAJTjTc5M+u7YEGg==
brace-expansion,5.0.12,MIT,node_modules/brace-expansion,True,False,ATTRIBUTION REQUIRED,"Retain exact upstream copyright and license; Apache NOTICE/modification notices, MPL file source, CC-BY attribution as applicable.",node_modules/brace-expansion/LICENSE,https://registry.npmjs.org/brace-expansion/-/brace-expansion-5.0.12.tgz,sha512-YovQ3rzhaLMIrDjNDMkNS01tea93qhEhG5xy8f6+R0l+dw3Ki+5sCoIoI942iuLZTHWogWktgwVDhU09iNEimQ==
browserslist,4.29.2,MIT,node_modules/browserslist,True,False,ATTRIBUTION REQUIRED,"Retain exact upstream copyright and license; Apache NOTICE/modification notices, MPL file source, CC-BY attribution as applicable.",node_modules/browserslist/LICENSE,https://registry.npmjs.org/browserslist/-/browserslist-4.29.2.tgz,sha512-/u9r8k8ue4ZhHCw9ovDtltpWdXeXzjhdxCGj6vm1RGLPXb8lu33EMdoCHF5Sx8oYBS+Q/FYYNmAqlHncxR3RmA==
busboy,1.6.0,MIT (verified installed LICENSE),node_modules/busboy,False,False,ATTRIBUTION REQUIRED,"Retain exact upstream copyright and license; Apache NOTICE/modification notices, MPL file source, CC-BY attribution as applicable.",node_modules/busboy/LICENSE,https://registry.npmjs.org/busboy/-/busboy-1.6.0.tgz,sha512-8SFQbg/0hQ9xy3UNTB0YEnsNBbWfhf7RtnzpL7TkBiTBRfrQ9Fxcnz7VJsleJpyp6rVLvXiuORqjlHi5q+PYuA==
bytes,3.1.2,MIT,node_modules/bytes,False,False,ATTRIBUTION REQUIRED,"Retain exact upstream copyright and license; Apache NOTICE/modification notices, MPL file source, CC-BY attribution as applicable.",node_modules/bytes/LICENSE,https://registry.npmjs.org/bytes/-/bytes-3.1.2.tgz,sha512-/Nf7TyzTx6S3yRJObOAV7956r8cr2+Oj8AC5dt8wSP3BQAoeX58NoHyCU8P8zGkNXStjTSi6fzO6F0pBdcYbEg==
c12,3.3.4,MIT,node_modules/c12,False,False,ATTRIBUTION REQUIRED,"Retain exact upstream copyright and license; Apache NOTICE/modification notices, MPL file source, CC-BY attribution as applicable.",node_modules/c12/LICENSE,https://registry.npmjs.org/c12/-/c12-3.3.4.tgz,sha512-cM0ApFQSBXuourJejzwv/AuPRvAxordTyParRVcHjjtXirtkzM0uK2L9TTn9s0cXZbG7E55jCivRQzoxYmRAlA==
cacheable,2.5.0,MIT,node_modules/cacheable,True,False,ATTRIBUTION REQUIRED,"Retain exact upstream copyright and license; Apache NOTICE/modification notices, MPL file source, CC-BY attribution as applicable.",node_modules/cacheable/LICENSE,https://registry.npmjs.org/cacheable/-/cacheable-2.5.0.tgz,sha512-60cyAOytib/OzBw1JNSoSV/boK1AtHryDIjvVBk7XbN4ugfkM3+Sry7fEjNgPMGgOjuaZPAp8ruZ0Cxafwyq9g==
call-bind-apply-helpers,1.0.2,MIT,node_modules/call-bind-apply-helpers,False,False,ATTRIBUTION REQUIRED,"Retain exact upstream copyright and license; Apache NOTICE/modification notices, MPL file source, CC-BY attribution as applicable.",node_modules/call-bind-apply-helpers/LICENSE,https://registry.npmjs.org/call-bind-apply-helpers/-/call-bind-apply-helpers-1.0.2.tgz,sha512-Sp1ablJ0ivDkSzjcaJdxEunN5/XvksFJ2sMBFfq6x0ryhQV/2b/KwFe21cMpmHtPOSij8K99/wSfoEuTObmuMQ==
call-bound,1.0.4,MIT,node_modules/call-bound,False,False,ATTRIBUTION REQUIRED,"Retain exact upstream copyright and license; Apache NOTICE/modification notices, MPL file source, CC-BY attribution as applicable.",node_modules/call-bound/LICENSE,https://registry.npmjs.org/call-bound/-/call-bound-1.0.4.tgz,sha512-+ys997U96po4Kx/ABpBCqhA9EuxJaQWDQg7295H4hBphv3IZg0boBKuwYpt4YXp6MZ5AmZQnU/tyMTlRpaSejg==
caniuse-lite,1.0.30001813,CC-BY-4.0,node_modules/caniuse-lite,True,False,ATTRIBUTION REQUIRED,"Retain exact upstream copyright and license; Apache NOTICE/modification notices, MPL file source, CC-BY attribution as applicable.",node_modules/caniuse-lite/LICENSE,https://registry.npmjs.org/caniuse-lite/-/caniuse-lite-1.0.30001813.tgz,sha512-zfjJo4rM0+fUomGDBW/xcDjhIwz/210DGvip2MAMDZ8KHcRPnOHmEgHPZP0UHlZoxr8fYKVJOqcORhYQcG4FKQ==
chai,6.2.2,MIT,node_modules/chai,True,False,ATTRIBUTION REQUIRED,"Retain exact upstream copyright and license; Apache NOTICE/modification notices, MPL file source, CC-BY attribution as applicable.",node_modules/chai/LICENSE,https://registry.npmjs.org/chai/-/chai-6.2.2.tgz,sha512-NUPRluOfOiTKBKvWPtSD4PhFvWCqOi0BGStNWs57X9js7XGTprSmFoz5F0tWhR4WPjNeR9jXqdC7/UpSJTnlRg==
chokidar,5.0.0,MIT,node_modules/chokidar,False,False,ATTRIBUTION REQUIRED,"Retain exact upstream copyright and license; Apache NOTICE/modification notices, MPL file source, CC-BY attribution as applicable.",node_modules/chokidar/LICENSE,https://registry.npmjs.org/chokidar/-/chokidar-5.0.0.tgz,sha512-TQMmc3w+5AxjpL8iIiwebF73dRDF4fBIieAqGn9RGCWaEVwQ6Fb2cGe31Yns0RRIzii5goJ1Y7xbMwo1TxMplw==
classnames,2.5.1,MIT,node_modules/classnames,False,False,ATTRIBUTION REQUIRED,"Retain exact upstream copyright and license; Apache NOTICE/modification notices, MPL file source, CC-BY attribution as applicable.",node_modules/classnames/LICENSE,https://registry.npmjs.org/classnames/-/classnames-2.5.1.tgz,sha512-saHYOzhIQs6wy2sVxTM6bUDsQO4F50V9RQ22qBpEdCW+I+/Wmke2HOl6lS6dTpdxVhb88/I6+Hs+438c3lfUow==
confbox,0.2.4,MIT,node_modules/confbox,False,False,ATTRIBUTION REQUIRED,"Retain exact upstream copyright and license; Apache NOTICE/modification notices, MPL file source, CC-BY attribution as applicable.",node_modules/confbox/LICENSE,https://registry.npmjs.org/confbox/-/confbox-0.2.4.tgz,sha512-ysOGlgTFbN2/Y6Cg3Iye8YKulHw+R2fNXHrgSmXISQdMnomY6eNDprVdW9R5xBguEqI954+S6709UyiO7B+6OQ==
confbox,0.3.1,MIT,node_modules/pkg-types/node_modules/confbox,False,False,ATTRIBUTION REQUIRED,"Retain exact upstream copyright and license; Apache NOTICE/modification notices, MPL file source, CC-BY attribution as applicable.",node_modules/pkg-types/node_modules/confbox/LICENSE,https://registry.npmjs.org/confbox/-/confbox-0.3.1.tgz,sha512-cKUSoKa8YxFZZSmraVi7onONx3amu77ngK3kGpsYHDH7drPwCRkQE1RYMPlLRrMtnciRj274XNRxcHxnKmDSnA==
content-disposition,1.1.0,MIT,node_modules/content-disposition,False,False,ATTRIBUTION REQUIRED,"Retain exact upstream copyright and license; Apache NOTICE/modification notices, MPL file source, CC-BY attribution as applicable.",node_modules/content-disposition/LICENSE,https://registry.npmjs.org/content-disposition/-/content-disposition-1.1.0.tgz,sha512-5jRCH9Z/+DRP7rkvY83B+yGIGX96OYdJmzngqnw2SBSxqCFPd0w2km3s5iawpGX8krnwSGmF0FW5Nhr0Hfai3g==
content-type,2.1.0,MIT,node_modules/body-parser/node_modules/content-type,False,False,ATTRIBUTION REQUIRED,"Retain exact upstream copyright and license; Apache NOTICE/modification notices, MPL file source, CC-BY attribution as applicable.",node_modules/body-parser/node_modules/content-type/LICENSE,https://registry.npmjs.org/content-type/-/content-type-2.1.0.tgz,sha512-mj7UPXE0jaqaOsukNZRUEfEi2AcL7C/vwmwcHV0O97eO1E1pxBZuyjlZrx5seTaNBg1U6+o35wpa35Qfcc+7ag==
content-type,1.0.5,MIT,node_modules/content-type,False,False,ATTRIBUTION REQUIRED,"Retain exact upstream copyright and license; Apache NOTICE/modification notices, MPL file source, CC-BY attribution as applicable.",node_modules/content-type/LICENSE,https://registry.npmjs.org/content-type/-/content-type-1.0.5.tgz,sha512-nTjqfcBFEipKdXCv4YDQWCfmcLZKm81ldF0pAopTvyrFGVbcR6P/VAAd5G7N+0tTr8QqiU0tFadD6FK4NtJwOA==
content-type,2.1.0,MIT,node_modules/negotiator/node_modules/content-type,False,False,ATTRIBUTION REQUIRED,"Retain exact upstream copyright and license; Apache NOTICE/modification notices, MPL file source, CC-BY attribution as applicable.",node_modules/negotiator/node_modules/content-type/LICENSE,https://registry.npmjs.org/content-type/-/content-type-2.1.0.tgz,sha512-mj7UPXE0jaqaOsukNZRUEfEi2AcL7C/vwmwcHV0O97eO1E1pxBZuyjlZrx5seTaNBg1U6+o35wpa35Qfcc+7ag==
content-type,2.1.0,MIT,node_modules/type-is/node_modules/content-type,False,False,ATTRIBUTION REQUIRED,"Retain exact upstream copyright and license; Apache NOTICE/modification notices, MPL file source, CC-BY attribution as applicable.",node_modules/type-is/node_modules/content-type/LICENSE,https://registry.npmjs.org/content-type/-/content-type-2.1.0.tgz,sha512-mj7UPXE0jaqaOsukNZRUEfEi2AcL7C/vwmwcHV0O97eO1E1pxBZuyjlZrx5seTaNBg1U6+o35wpa35Qfcc+7ag==
convert-source-map,2.0.0,MIT,node_modules/convert-source-map,True,False,ATTRIBUTION REQUIRED,"Retain exact upstream copyright and license; Apache NOTICE/modification notices, MPL file source, CC-BY attribution as applicable.",node_modules/convert-source-map/LICENSE,https://registry.npmjs.org/convert-source-map/-/convert-source-map-2.0.0.tgz,sha512-Kvp459HrV2FEJ1CAsi1Ku+MY3kasH19TFykTz2xWmMeq6bk2NU3XXvfJ+Q61m0xktWwt+1HSYf3JZsTms3aRJg==
cookie,0.7.2,MIT,node_modules/cookie,False,False,ATTRIBUTION REQUIRED,"Retain exact upstream copyright and license; Apache NOTICE/modification notices, MPL file source, CC-BY attribution as applicable.",node_modules/cookie/LICENSE,https://registry.npmjs.org/cookie/-/cookie-0.7.2.tgz,sha512-yki5XnKuf750l50uGTllt6kKILY4nQ1eNIQatoXEByZ5dWgnKqbnqmTrBE5B4N7lrMJKQ2ytWMiTO2o0v6Ew/w==
cookie,1.1.1,MIT,node_modules/react-router/node_modules/cookie,False,False,ATTRIBUTION REQUIRED,"Retain exact upstream copyright and license; Apache NOTICE/modification notices, MPL file source, CC-BY attribution as applicable.",node_modules/react-router/node_modules/cookie/LICENSE,https://registry.npmjs.org/cookie/-/cookie-1.1.1.tgz,sha512-ei8Aos7ja0weRpFzJnEA9UHJ/7XQmqglbRwnf2ATjcB9Wq874VKH9kfjjirM6UhU2/E5fFYadylyhFldcqSidQ==
cookie-parser,1.4.7,MIT,node_modules/cookie-parser,False,False,ATTRIBUTION REQUIRED,"Retain exact upstream copyright and license; Apache NOTICE/modification notices, MPL file source, CC-BY attribution as applicable.",node_modules/cookie-parser/LICENSE,https://registry.npmjs.org/cookie-parser/-/cookie-parser-1.4.7.tgz,sha512-nGUvgXnotP3BsjiLX2ypbQnWoGUPIIfHQNZkkC668ntrzGWEZVW70HDEB1qnNGMicPje6EttlIgzo51YSwNQGw==
cookie-signature,1.0.6,MIT,node_modules/cookie-signature,False,False,ATTRIBUTION REQUIRED,"Retain exact upstream copyright and license; Apache NOTICE/modification notices, MPL file source, CC-BY attribution as applicable.",Lockfile metadata; optional platform package not installed on this host,https://registry.npmjs.org/cookie-signature/-/cookie-signature-1.0.6.tgz,sha512-QADzlaHc8icV8I7vbaJXJwod9HWYp8uCqf1xa4OfNu1T7JVxQIrUgOWtHdNDtPiywmFbiS12VjotIXLrKM3orQ==
cookie-signature,1.2.2,MIT,node_modules/express/node_modules/cookie-signature,False,False,ATTRIBUTION REQUIRED,"Retain exact upstream copyright and license; Apache NOTICE/modification notices, MPL file source, CC-BY attribution as applicable.",node_modules/express/node_modules/cookie-signature/LICENSE,https://registry.npmjs.org/cookie-signature/-/cookie-signature-1.2.2.tgz,sha512-D76uU73ulSXrD1UXF4KE2TMxVVwhsnCgfAyTg9k8P6KGZjlXKrOLe4dJQKI3Bxi5wjesZoFXJWElNWBjPZMbhg==
cors,2.8.6,MIT,node_modules/cors,False,False,ATTRIBUTION REQUIRED,"Retain exact upstream copyright and license; Apache NOTICE/modification notices, MPL file source, CC-BY attribution as applicable.",node_modules/cors/LICENSE,https://registry.npmjs.org/cors/-/cors-2.8.6.tgz,sha512-tJtZBBHA6vjIAaF6EnIaq6laBBP9aq/Y3ouVJjEfoHbRBcHBAHYcMh/w8LDrk2PvIMMq8gmopa5D4V8RmbrxGw==
cross-env,10.1.0,MIT,node_modules/cross-env,False,False,ATTRIBUTION REQUIRED,"Retain exact upstream copyright and license; Apache NOTICE/modification notices, MPL file source, CC-BY attribution as applicable.",node_modules/cross-env/LICENSE,https://registry.npmjs.org/cross-env/-/cross-env-10.1.0.tgz,sha512-GsYosgnACZTADcmEyJctkJIoqAhHjttw7RsFrVoJNXbsWWqaq6Ym+7kZjq6mS45O0jij6vtiReppKQEtqWy6Dw==
cross-spawn,7.0.6,MIT,node_modules/cross-spawn,False,False,ATTRIBUTION REQUIRED,"Retain exact upstream copyright and license; Apache NOTICE/modification notices, MPL file source, CC-BY attribution as applicable.",node_modules/cross-spawn/LICENSE,https://registry.npmjs.org/cross-spawn/-/cross-spawn-7.0.6.tgz,sha512-uV2QOWP2nWzsy2aMp8aRibhi9dlzF5Hgh5SHaB9OiTGEyDTiJJyx0uy51QXdyWbtAHNua4XJzUKca3OzKUd3vA==
css-tree,3.2.1,MIT,node_modules/css-tree,True,False,ATTRIBUTION REQUIRED,"Retain exact upstream copyright and license; Apache NOTICE/modification notices, MPL file source, CC-BY attribution as applicable.",node_modules/css-tree/LICENSE,https://registry.npmjs.org/css-tree/-/css-tree-3.2.1.tgz,sha512-X7sjQzceUhu1u7Y/ylrRZFU2FS6LRiFVp6rKLPg23y3x3c3DOKAwuXGDp+PAGjh6CSnCjYeAul8pcT8bAl+lSA==
css.escape,1.5.1,MIT,node_modules/css.escape,True,False,ATTRIBUTION REQUIRED,"Retain exact upstream copyright and license; Apache NOTICE/modification notices, MPL file source, CC-BY attribution as applicable.",node_modules/css.escape/LICENSE-MIT.txt,https://registry.npmjs.org/css.escape/-/css.escape-1.5.1.tgz,sha512-YUifsXXuknHlUsmlgyY0PKzgPOr7/FjCePfHNt0jxm83wHZi44VDMQ7/fGNkjY3/jV1MC+1CmZbaHzugyeRtpg==
csstype,3.2.3,MIT,node_modules/csstype,False,False,ATTRIBUTION REQUIRED,"Retain exact upstream copyright and license; Apache NOTICE/modification notices, MPL file source, CC-BY attribution as applicable.",node_modules/csstype/LICENSE,https://registry.npmjs.org/csstype/-/csstype-3.2.3.tgz,sha512-z1HGKcYy2xA8AGQfwrn0PAy+PB7X/GSj3UVJW9qKyn43xWa+gl5nXmU4qqLMRzWVLFC8KusUX8T/0kCiOYpAIQ==
d3-array,3.2.1,ISC,node_modules/@visx/vendor/node_modules/d3-array,False,False,ATTRIBUTION REQUIRED,"Retain exact upstream copyright and license; Apache NOTICE/modification notices, MPL file source, CC-BY attribution as applicable.",node_modules/@visx/vendor/node_modules/d3-array/LICENSE,https://registry.npmjs.org/d3-array/-/d3-array-3.2.1.tgz,sha512-gUY/qeHq/yNqqoCKNq4vtpFLdoCdvyNpWoC/KNjhGbhDuQpAM9sIQQKkXSNpXa9h5KySs/gzm7R88WkUutgwWQ==
d3-array,3.2.4,ISC,node_modules/d3-array,False,False,ATTRIBUTION REQUIRED,"Retain exact upstream copyright and license; Apache NOTICE/modification notices, MPL file source, CC-BY attribution as applicable.",node_modules/d3-array/LICENSE,https://registry.npmjs.org/d3-array/-/d3-array-3.2.4.tgz,sha512-tdQAmyA18i4J7wprpYq8ClcxZy3SC31QMeByyCFyRt7BVHdREQZ5lpzoe5mFEYZUWe+oq8HBvk9JjpibyEV4Jg==
d3-color,3.1.0,ISC,node_modules/d3-color,False,False,ATTRIBUTION REQUIRED,"Retain exact upstream copyright and license; Apache NOTICE/modification notices, MPL file source, CC-BY attribution as applicable.",node_modules/d3-color/LICENSE,https://registry.npmjs.org/d3-color/-/d3-color-3.1.0.tgz,sha512-zg/chbXyeBtMQ1LbD/WSoW2DpC3I0mpmPdW+ynRTj/x2DAWYrIY7qeZIHidozwV24m4iavr15lNwIwLxRmOxhA==
d3-delaunay,6.0.2,ISC,node_modules/d3-delaunay,False,False,ATTRIBUTION REQUIRED,"Retain exact upstream copyright and license; Apache NOTICE/modification notices, MPL file source, CC-BY attribution as applicable.",node_modules/d3-delaunay/LICENSE,https://registry.npmjs.org/d3-delaunay/-/d3-delaunay-6.0.2.tgz,sha512-IMLNldruDQScrcfT+MWnazhHbDJhcRJyOEBAJfwQnHle1RPh6WDuLvxNArUju2VSMSUuKlY5BGHRJ2cYyoFLQQ==
d3-format,3.1.0,ISC,node_modules/d3-format,False,False,ATTRIBUTION REQUIRED,"Retain exact upstream copyright and license; Apache NOTICE/modification notices, MPL file source, CC-BY attribution as applicable.",node_modules/d3-format/LICENSE,https://registry.npmjs.org/d3-format/-/d3-format-3.1.0.tgz,sha512-YyUI6AEuY/Wpt8KWLgZHsIU86atmikuoOmCfommt0LYHiQSPjvX2AcFc38PX0CBpr2RCyZhjex+NS/LPOv6YqA==
d3-geo,3.1.0,ISC,node_modules/d3-geo,False,False,ATTRIBUTION REQUIRED,"Retain exact upstream copyright and license; Apache NOTICE/modification notices, MPL file source, CC-BY attribution as applicable.",node_modules/d3-geo/LICENSE,https://registry.npmjs.org/d3-geo/-/d3-geo-3.1.0.tgz,sha512-JEo5HxXDdDYXCaWdwLRt79y7giK8SbhZJbFWXqbRTolCHFI5jRqteLzCsq51NKbUoX0PjBVSohxrx+NoOUujYA==
d3-interpolate,3.0.1,ISC,node_modules/d3-interpolate,False,False,ATTRIBUTION REQUIRED,"Retain exact upstream copyright and license; Apache NOTICE/modification notices, MPL file source, CC-BY attribution as applicable.",node_modules/d3-interpolate/LICENSE,https://registry.npmjs.org/d3-interpolate/-/d3-interpolate-3.0.1.tgz,sha512-3bYs1rOD33uo8aqJfKP3JWPAibgw8Zm2+L9vBKEHJ2Rg+viTR7o5Mmv5mZcieN+FRYaAOWX5SJATX6k1PWz72g==
d3-path,3.1.0,ISC,node_modules/d3-path,False,False,ATTRIBUTION REQUIRED,"Retain exact upstream copyright and license; Apache NOTICE/modification notices, MPL file source, CC-BY attribution as applicable.",node_modules/d3-path/LICENSE,https://registry.npmjs.org/d3-path/-/d3-path-3.1.0.tgz,sha512-p3KP5HCf/bvjBSSKuXid6Zqijx7wIfNW+J/maPs+iwR35at5JCbLUT0LzF1cnjbCHWhqzQTIN2Jpe8pRebIEFQ==
d3-scale,4.0.2,ISC,node_modules/d3-scale,False,False,ATTRIBUTION REQUIRED,"Retain exact upstream copyright and license; Apache NOTICE/modification notices, MPL file source, CC-BY attribution as applicable.",node_modules/d3-scale/LICENSE,https://registry.npmjs.org/d3-scale/-/d3-scale-4.0.2.tgz,sha512-GZW464g1SH7ag3Y7hXjf8RoUuAFIqklOAq3MRl4OaWabTFJY9PN/E1YklhXLh+OQ3fM9yS2nOkCoS+WLZ6kvxQ==
d3-shape,3.2.0,ISC,node_modules/d3-shape,False,False,ATTRIBUTION REQUIRED,"Retain exact upstream copyright and license; Apache NOTICE/modification notices, MPL file source, CC-BY attribution as applicable.",node_modules/d3-shape/LICENSE,https://registry.npmjs.org/d3-shape/-/d3-shape-3.2.0.tgz,sha512-SaLBuwGm3MOViRq2ABk3eLoxwZELpH6zhl3FbAoJ7Vm1gofKx6El1Ib5z23NUEhF9AsGl7y+dzLe5Cw2AArGTA==
d3-time,3.1.0,ISC,node_modules/d3-time,False,False,ATTRIBUTION REQUIRED,"Retain exact upstream copyright and license; Apache NOTICE/modification notices, MPL file source, CC-BY attribution as applicable.",node_modules/d3-time/LICENSE,https://registry.npmjs.org/d3-time/-/d3-time-3.1.0.tgz,sha512-VqKjzBLejbSMT4IgbmVgDjpkYrNWUYJnbCGo874u7MMKIWsILRX+OpX/gTk8MqjpT1A/c6HY2dCA77ZN0lkQ2Q==
d3-time-format,4.1.0,ISC,node_modules/d3-time-format,False,False,ATTRIBUTION REQUIRED,"Retain exact upstream copyright and license; Apache NOTICE/modification notices, MPL file source, CC-BY attribution as applicable.",node_modules/d3-time-format/LICENSE,https://registry.npmjs.org/d3-time-format/-/d3-time-format-4.1.0.tgz,sha512-dJxPBlzC7NugB2PDLwo9Q8JiTR3M3e4/XANkreKSUxF8vvXKqm1Yfq4Q5dl8budlunRVlUUaDUgFt7eA8D6NLg==
data-urls,7.0.0,MIT,node_modules/data-urls,True,False,ATTRIBUTION REQUIRED,"Retain exact upstream copyright and license; Apache NOTICE/modification notices, MPL file source, CC-BY attribution as applicable.",node_modules/data-urls/LICENSE.txt,https://registry.npmjs.org/data-urls/-/data-urls-7.0.0.tgz,sha512-23XHcCF+coGYevirZceTVD7NdJOqVn+49IHyxgszm+JIiHLoB2TkmPtsYkNWT1pvRSGkc35L6NHs0yHkN2SumA==
debug,4.4.3,MIT,node_modules/debug,False,False,ATTRIBUTION REQUIRED,"Retain exact upstream copyright and license; Apache NOTICE/modification notices, MPL file source, CC-BY attribution as applicable.",node_modules/debug/LICENSE,https://registry.npmjs.org/debug/-/debug-4.4.3.tgz,sha512-RGwwWnwQvkVfavKVt22FGLw+xYSdzARwm0ru6DhTVA3umU5hZc28V3kO4stgYryrTlLpuvgI9GiijltAjNbcqA==
decimal.js,10.6.0,MIT,node_modules/decimal.js,True,False,ATTRIBUTION REQUIRED,"Retain exact upstream copyright and license; Apache NOTICE/modification notices, MPL file source, CC-BY attribution as applicable.",node_modules/decimal.js/LICENCE.md,https://registry.npmjs.org/decimal.js/-/decimal.js-10.6.0.tgz,sha512-YpgQiITW3JXGntzdUmyUR1V812Hn8T1YVXhCu+wO3OpS4eU9l4YdD3qjyiKdV6mvV29zapkMeD390UVEf2lkUg==
deep-is,0.1.4,MIT,node_modules/deep-is,True,False,ATTRIBUTION REQUIRED,"Retain exact upstream copyright and license; Apache NOTICE/modification notices, MPL file source, CC-BY attribution as applicable.",node_modules/deep-is/LICENSE,https://registry.npmjs.org/deep-is/-/deep-is-0.1.4.tgz,sha512-oIPzksmTg4/MriiaYGO+okXDT7ztn/w3Eptv/+gSIdMdKsJo0u4CfYNFJPy+4SKMuCqGw2wxnA+URMg3t8a/bQ==
deepmerge-ts,8.0.2,BSD-3-Clause,node_modules/deepmerge-ts,False,False,ATTRIBUTION REQUIRED,"Retain exact upstream copyright and license; Apache NOTICE/modification notices, MPL file source, CC-BY attribution as applicable.",node_modules/deepmerge-ts/LICENSE,https://registry.npmjs.org/deepmerge-ts/-/deepmerge-ts-8.0.2.tgz,sha512-uqbvqLUMrc6p0MO+WBRtTxY55hmyh94WRwI5a++PZe54X+bfVh59FSN7uWCBCW1CCVjzjnrwzfI8zidE2obMMw==
defu,6.1.7,MIT,node_modules/defu,False,False,ATTRIBUTION REQUIRED,"Retain exact upstream copyright and license; Apache NOTICE/modification notices, MPL file source, CC-BY attribution as applicable.",node_modules/defu/LICENSE,https://registry.npmjs.org/defu/-/defu-6.1.7.tgz,sha512-7z22QmUWiQ/2d0KkdYmANbRUVABpZ9SNYyH5vx6PZ+nE5bcC0l7uFvEfHlyld/HcGBFTL536ClDt3DEcSlEJAQ==
delaunator,5.1.0,ISC,node_modules/delaunator,False,False,ATTRIBUTION REQUIRED,"Retain exact upstream copyright and license; Apache NOTICE/modification notices, MPL file source, CC-BY attribution as applicable.",node_modules/delaunator/LICENSE,https://registry.npmjs.org/delaunator/-/delaunator-5.1.0.tgz,sha512-AGrQ4QSgssa1NGmWmLPqN5NY2KajF5MqxetNEO+o0n3ZwZZeTmt7bBnvzHWrmkZFxGgr4HdyFgelzgi06otLuQ==
depd,2.0.0,MIT,node_modules/depd,False,False,ATTRIBUTION REQUIRED,"Retain exact upstream copyright and license; Apache NOTICE/modification notices, MPL file source, CC-BY attribution as applicable.",node_modules/depd/LICENSE,https://registry.npmjs.org/depd/-/depd-2.0.0.tgz,sha512-g7nH6P6dyDioJogAAGprGpCtVImJhpPk/roCzdb3fIh61/s/nPsfR6onyMwkCAR/OlC3yBC0lESvUoQEAssIrw==
dequal,2.0.3,MIT,node_modules/dequal,True,False,ATTRIBUTION REQUIRED,"Retain exact upstream copyright and license; Apache NOTICE/modification notices, MPL file source, CC-BY attribution as applicable.",node_modules/dequal/license,https://registry.npmjs.org/dequal/-/dequal-2.0.3.tgz,sha512-0je+qPKHEMohvfRTCEo3CrPG6cAzAYgmzKyxRiYSSDkS6eGJdyVJm7WaYA5ECaAD9wLB2T4EEeymA5aFVcYXCA==
destr,2.0.5,MIT,node_modules/destr,False,False,ATTRIBUTION REQUIRED,"Retain exact upstream copyright and license; Apache NOTICE/modification notices, MPL file source, CC-BY attribution as applicable.",node_modules/destr/LICENSE,https://registry.npmjs.org/destr/-/destr-2.0.5.tgz,sha512-ugFTXCtDZunbzasqBxrK93Ik/DRYsO6S/fedkWEMKqt04xZ4csmnmwGDBAb07QWNaGMAmnTIemsYZCksjATwsA==
detect-libc,2.1.2,Apache-2.0,node_modules/detect-libc,False,False,ATTRIBUTION REQUIRED,"Retain exact upstream copyright and license; Apache NOTICE/modification notices, MPL file source, CC-BY attribution as applicable.",node_modules/detect-libc/LICENSE,https://registry.npmjs.org/detect-libc/-/detect-libc-2.1.2.tgz,sha512-Btj2BOOO83o3WyH59e8MgXsxEQVcarkUOpEYrubB0urwnN10yQ364rsiByU11nZlqWYZm05i/of7io4mzihBtQ==
dom-accessibility-api,0.6.3,MIT,node_modules/@testing-library/jest-dom/node_modules/dom-accessibility-api,True,False,ATTRIBUTION REQUIRED,"Retain exact upstream copyright and license; Apache NOTICE/modification notices, MPL file source, CC-BY attribution as applicable.",node_modules/@testing-library/jest-dom/node_modules/dom-accessibility-api/LICENSE.md,https://registry.npmjs.org/dom-accessibility-api/-/dom-accessibility-api-0.6.3.tgz,sha512-7ZgogeTnjuHbo+ct10G9Ffp0mif17idi0IyWNVA/wcwcm7NPOD/WEHVP3n7n3MhXqxoIYm8d6MuZohYWIZ4T3w==
dom-accessibility-api,0.5.16,MIT,node_modules/dom-accessibility-api,True,False,ATTRIBUTION REQUIRED,"Retain exact upstream copyright and license; Apache NOTICE/modification notices, MPL file source, CC-BY attribution as applicable.",node_modules/dom-accessibility-api/LICENSE.md,https://registry.npmjs.org/dom-accessibility-api/-/dom-accessibility-api-0.5.16.tgz,sha512-X7BJ2yElsnOJ30pZF4uIIDfBEVgF4XEBxL9Bxhy6dnrm5hkzqmsWHGTiHqRiITNhMyFLyAiWndIJP7Z1NTteDg==
dotenv,17.4.2,BSD-2-Clause,node_modules/c12/node_modules/dotenv,False,False,ATTRIBUTION REQUIRED,"Retain exact upstream copyright and license; Apache NOTICE/modification notices, MPL file source, CC-BY attribution as applicable.",node_modules/c12/node_modules/dotenv/LICENSE,https://registry.npmjs.org/dotenv/-/dotenv-17.4.2.tgz,sha512-nI4U3TottKAcAD9LLud4Cb7b2QztQMUEfHbvhTH09bqXTxnSie8WnjPALV/WMCrJZ6UV/qHJ6L03OqO3LcdYZw==
dotenv,18.0.4,BSD-2-Clause,node_modules/dotenv,True,False,ATTRIBUTION REQUIRED,"Retain exact upstream copyright and license; Apache NOTICE/modification notices, MPL file source, CC-BY attribution as applicable.",node_modules/dotenv/LICENSE,https://registry.npmjs.org/dotenv/-/dotenv-18.0.4.tgz,sha512-jGt9uI5BIxpVO15kvy+iEFqNAwxYClKWnkptLjSNPnFLC003Imd0ofr3aEVsbpHdSBdSsbcApNIlz4nbyGMwdA==
dunder-proto,1.0.1,MIT,node_modules/dunder-proto,False,False,ATTRIBUTION REQUIRED,"Retain exact upstream copyright and license; Apache NOTICE/modification notices, MPL file source, CC-BY attribution as applicable.",node_modules/dunder-proto/LICENSE,https://registry.npmjs.org/dunder-proto/-/dunder-proto-1.0.1.tgz,sha512-KIN/nDJBQRcXw0MLVhZE9iQHmG68qAVIBg9CqmUYjmQIhgij9U5MFvrqkUL5FbtyyzZuOeOt0zdeRe4UY7ct+A==
ee-first,1.1.1,MIT,node_modules/ee-first,False,False,ATTRIBUTION REQUIRED,"Retain exact upstream copyright and license; Apache NOTICE/modification notices, MPL file source, CC-BY attribution as applicable.",node_modules/ee-first/LICENSE,https://registry.npmjs.org/ee-first/-/ee-first-1.1.1.tgz,sha512-WMwm9LhRUo+WUaRN+vRuETqG89IgZphVSNkdFgeb6sS/E4OrDIN7t48CAewSHXc6C8lefD8KKfr5vY61brQlow==
effect,3.20.0,MIT,node_modules/effect,False,False,ATTRIBUTION REQUIRED,"Retain exact upstream copyright and license; Apache NOTICE/modification notices, MPL file source, CC-BY attribution as applicable.",node_modules/effect/LICENSE,https://registry.npmjs.org/effect/-/effect-3.20.0.tgz,sha512-qMLfDJscrNG8p/aw+IkT9W7fgj50Z4wG5bLBy0Txsxz8iUHjDIkOgO3SV0WZfnQbNG2VJYb0b+rDLMrhM4+Krw==
electron-to-chromium,1.5.439,ISC,node_modules/electron-to-chromium,True,False,ATTRIBUTION REQUIRED,"Retain exact upstream copyright and license; Apache NOTICE/modification notices, MPL file source, CC-BY attribution as applicable.",node_modules/electron-to-chromium/LICENSE,https://registry.npmjs.org/electron-to-chromium/-/electron-to-chromium-1.5.439.tgz,sha512-qu6QIPXhsb+CRcAiTMNjR4A1y/7tCYKkKjr5CZXRVih6qkDf79peZ2BpEU3qoDBNCRrcy3Mra3X9nG5oruuA7Q==
elkjs,0.11.1,EPL-2.0,node_modules/elkjs,False,False,REVIEW REQUIRED,No secondary grant found in elk-api.js; evaluate standalone tooling aggregation; do not relicense as AGPL.,node_modules/elkjs/LICENSE.md,https://registry.npmjs.org/elkjs/-/elkjs-0.11.1.tgz,sha512-zxxR9k+rx5ktMwT/FwyLdPCrq7xN6e4VGGHH8hA01vVYKjTFik7nHOxBnAYtrgYUB1RpAiLvA1/U2YraWxyKKg==
empathic,2.0.0,MIT,node_modules/empathic,False,False,ATTRIBUTION REQUIRED,"Retain exact upstream copyright and license; Apache NOTICE/modification notices, MPL file source, CC-BY attribution as applicable.",node_modules/empathic/license,https://registry.npmjs.org/empathic/-/empathic-2.0.0.tgz,sha512-i6UzDscO/XfAcNYD75CfICkmfLedpyPDdozrLMmQc5ORaQcdMoc21OnlEylMIqI7U8eniKrPMxxtj8k0vhmJhA==
encodeurl,2.0.0,MIT,node_modules/encodeurl,False,False,ATTRIBUTION REQUIRED,"Retain exact upstream copyright and license; Apache NOTICE/modification notices, MPL file source, CC-BY attribution as applicable.",node_modules/encodeurl/LICENSE,https://registry.npmjs.org/encodeurl/-/encodeurl-2.0.0.tgz,sha512-Q0n9HRi4m6JuGIV1eFlmvJB7ZEVxu93IrMyiMsGC0lrMJMWzRgx6WGquyfQgZVb31vhGgXnfmPNNXmxnOkRBrg==
entities,8.1.0,BSD-2-Clause,node_modules/entities,True,False,ATTRIBUTION REQUIRED,"Retain exact upstream copyright and license; Apache NOTICE/modification notices, MPL file source, CC-BY attribution as applicable.",node_modules/entities/LICENSE,https://registry.npmjs.org/entities/-/entities-8.1.0.tgz,sha512-kxL7msIffSuh9aaFAMD7rxAIuTRMAHMeBtgHW2yUdWw732ZNh4MehkF2gdjvtdmikkaIP9bFDDJOPlsvm7avrA==
env-paths,3.0.0,MIT,node_modules/env-paths,False,False,ATTRIBUTION REQUIRED,"Retain exact upstream copyright and license; Apache NOTICE/modification notices, MPL file source, CC-BY attribution as applicable.",node_modules/env-paths/license,https://registry.npmjs.org/env-paths/-/env-paths-3.0.0.tgz,sha512-dtJUTepzMW3Lm/NPxRf3wP4642UWhjL2sQxc+ym2YMj1m/H2zDNQOlezafzkHwn6sMstjHTwG6iQQsctDW/b1A==
es-define-property,1.0.1,MIT,node_modules/es-define-property,False,False,ATTRIBUTION REQUIRED,"Retain exact upstream copyright and license; Apache NOTICE/modification notices, MPL file source, CC-BY attribution as applicable.",node_modules/es-define-property/LICENSE,https://registry.npmjs.org/es-define-property/-/es-define-property-1.0.1.tgz,sha512-e3nRfgfUZ4rNGL232gUgX06QNyyez04KdjFrF+LTRoOXmrOgFKDg4BCdsjW8EnT69eqdYGmRpJwiPVYNrCaW3g==
es-errors,1.3.0,MIT,node_modules/es-errors,False,False,ATTRIBUTION REQUIRED,"Retain exact upstream copyright and license; Apache NOTICE/modification notices, MPL file source, CC-BY attribution as applicable.",node_modules/es-errors/LICENSE,https://registry.npmjs.org/es-errors/-/es-errors-1.3.0.tgz,sha512-Zf5H2Kxt2xjTvbJvP2ZWLEICxA6j+hAmMzIlypy4xcBg1vKVnx89Wy0GbS+kf5cwCVFFzdCFh2XSCFNULS6csw==
es-module-lexer,2.3.2,MIT,node_modules/es-module-lexer,True,False,ATTRIBUTION REQUIRED,"Retain exact upstream copyright and license; Apache NOTICE/modification notices, MPL file source, CC-BY attribution as applicable.",node_modules/es-module-lexer/LICENSE,https://registry.npmjs.org/es-module-lexer/-/es-module-lexer-2.3.2.tgz,sha512-poHGpORABojJJucnV9KbOavETW8lBVnphkW77ER5/BQ5Fz7oXSoCNek7IH3vR5nRjdsEz926ibFYX8KtLQmdyw==
es-object-atoms,1.1.2,MIT,node_modules/es-object-atoms,False,False,ATTRIBUTION REQUIRED,"Retain exact upstream copyright and license; Apache NOTICE/modification notices, MPL file source, CC-BY attribution as applicable.",node_modules/es-object-atoms/LICENSE,https://registry.npmjs.org/es-object-atoms/-/es-object-atoms-1.1.2.tgz,sha512-HWcBoN6NileqtSydK2FqHbS/LoDd2pqrnQHLyJzBj4kOp/ky2MWMN694xOfkK8/SnUsW2DH7EfyVlydKCsm1Zw==
escalade,3.2.0,MIT,node_modules/escalade,True,False,ATTRIBUTION REQUIRED,"Retain exact upstream copyright and license; Apache NOTICE/modification notices, MPL file source, CC-BY attribution as applicable.",node_modules/escalade/license,https://registry.npmjs.org/escalade/-/escalade-3.2.0.tgz,sha512-WUj2qlxaQtO4g6Pq5c29GTcWGDyd8itL8zTlipgECz3JesAiiOKotd8JU6otB3PACgG6xkJUyVhboMS+bje/jA==
escape-html,1.0.3,MIT,node_modules/escape-html,False,False,ATTRIBUTION REQUIRED,"Retain exact upstream copyright and license; Apache NOTICE/modification notices, MPL file source, CC-BY attribution as applicable.",node_modules/escape-html/LICENSE,https://registry.npmjs.org/escape-html/-/escape-html-1.0.3.tgz,sha512-NiSupZ4OeuGwr68lGIeym/ksIZMJodUGOSCZ/FSnTxcrekbvqrgdUxlJOMpijaKZVjAJrWrGs/6Jy8OMuyj9ow==
escape-string-regexp,4.0.0,MIT,node_modules/escape-string-regexp,True,False,ATTRIBUTION REQUIRED,"Retain exact upstream copyright and license; Apache NOTICE/modification notices, MPL file source, CC-BY attribution as applicable.",node_modules/escape-string-regexp/license,https://registry.npmjs.org/escape-string-regexp/-/escape-string-regexp-4.0.0.tgz,sha512-TtpcNJ3XAzx3Gq8sWRzJaVajRs0uVxA2YAkdb1jm2YkPz4G6egUFAyA3n5vtEIZefPk5Wa4UXbKuS5fKkJWdgA==
eslint,10.11.0,MIT,node_modules/eslint,True,False,ATTRIBUTION REQUIRED,"Retain exact upstream copyright and license; Apache NOTICE/modification notices, MPL file source, CC-BY attribution as applicable.",node_modules/eslint/LICENSE,https://registry.npmjs.org/eslint/-/eslint-10.11.0.tgz,sha512-P7a6UEEqb9G95MYAtqkmsTbVXIYyzIfl6NGOIJk162PaahFxFyeGcrlXYFSiagECg4sEm8IseJdZBKR3rx6MsQ==
eslint-plugin-react-hooks,7.1.1,MIT,node_modules/eslint-plugin-react-hooks,True,False,ATTRIBUTION REQUIRED,"Retain exact upstream copyright and license; Apache NOTICE/modification notices, MPL file source, CC-BY attribution as applicable.",node_modules/eslint-plugin-react-hooks/LICENSE,https://registry.npmjs.org/eslint-plugin-react-hooks/-/eslint-plugin-react-hooks-7.1.1.tgz,sha512-f2I7Gw6JbvCexzIInuSbZpfdQ44D7iqdWX01FKLvrPgqxoE7oMj8clOfto8U6vYiz4yd5oKu39rRSVOe1zRu0g==
eslint-plugin-react-refresh,0.5.7,MIT,node_modules/eslint-plugin-react-refresh,True,False,ATTRIBUTION REQUIRED,"Retain exact upstream copyright and license; Apache NOTICE/modification notices, MPL file source, CC-BY attribution as applicable.",node_modules/eslint-plugin-react-refresh/LICENSE,https://registry.npmjs.org/eslint-plugin-react-refresh/-/eslint-plugin-react-refresh-0.5.7.tgz,sha512-XhJSzLljuYD4UjNuFGJu2v7aD3sqNVK12w5/DCUfrNfHWegZo2+TsavNx8MuxMwEquuFAzNbNfXKU0WoZ+YUIg==
eslint-scope,9.1.2,BSD-2-Clause,node_modules/eslint-scope,True,False,ATTRIBUTION REQUIRED,"Retain exact upstream copyright and license; Apache NOTICE/modification notices, MPL file source, CC-BY attribution as applicable.",node_modules/eslint-scope/LICENSE,https://registry.npmjs.org/eslint-scope/-/eslint-scope-9.1.2.tgz,sha512-xS90H51cKw0jltxmvmHy2Iai1LIqrfbw57b79w/J7MfvDfkIkFZ+kj6zC3BjtUwh150HsSSdxXZcsuv72miDFQ==
eslint-visitor-keys,3.4.3,Apache-2.0,node_modules/@eslint-community/eslint-utils/node_modules/eslint-visitor-keys,True,False,ATTRIBUTION REQUIRED,"Retain exact upstream copyright and license; Apache NOTICE/modification notices, MPL file source, CC-BY attribution as applicable.",node_modules/@eslint-community/eslint-utils/node_modules/eslint-visitor-keys/LICENSE,https://registry.npmjs.org/eslint-visitor-keys/-/eslint-visitor-keys-3.4.3.tgz,sha512-wpc+LXeiyiisxPlEkUzU6svyS1frIO3Mgxj1fdy7Pm8Ygzguax2N3Fa/D/ag1WqbOprdI+uY6wMUl8/a2G+iag==
eslint-visitor-keys,5.0.1,Apache-2.0,node_modules/eslint-visitor-keys,True,False,ATTRIBUTION REQUIRED,"Retain exact upstream copyright and license; Apache NOTICE/modification notices, MPL file source, CC-BY attribution as applicable.",node_modules/eslint-visitor-keys/LICENSE,https://registry.npmjs.org/eslint-visitor-keys/-/eslint-visitor-keys-5.0.1.tgz,sha512-tD40eHxA35h0PEIZNeIjkHoDR4YjjJp34biM0mDvplBe//mB+IHCqHDGV7pxF+7MklTvighcCPPZC7ynWyjdTA==
espree,11.2.0,BSD-2-Clause,node_modules/espree,True,False,ATTRIBUTION REQUIRED,"Retain exact upstream copyright and license; Apache NOTICE/modification notices, MPL file source, CC-BY attribution as applicable.",node_modules/espree/LICENSE,https://registry.npmjs.org/espree/-/espree-11.2.0.tgz,sha512-7p3DrVEIopW1B1avAGLuCSh1jubc01H2JHc8B4qqGblmg5gI9yumBgACjWo4JlIc04ufug4xJ3SQI8HkS/Rgzw==
esquery,1.7.0,BSD-3-Clause,node_modules/esquery,True,False,ATTRIBUTION REQUIRED,"Retain exact upstream copyright and license; Apache NOTICE/modification notices, MPL file source, CC-BY attribution as applicable.",node_modules/esquery/license.txt,https://registry.npmjs.org/esquery/-/esquery-1.7.0.tgz,sha512-Ap6G0WQwcU/LHsvLwON1fAQX9Zp0A2Y6Y/cJBl9r/JbW90Zyg4/zbG6zzKa2OTALELarYHmKu0GhpM5EO+7T0g==
esrecurse,4.3.0,BSD-2-Clause,node_modules/esrecurse,True,False,ATTRIBUTION REQUIRED,"Retain exact upstream copyright and license; Apache NOTICE/modification notices, MPL file source, CC-BY attribution as applicable.",Lockfile metadata; optional platform package not installed on this host,https://registry.npmjs.org/esrecurse/-/esrecurse-4.3.0.tgz,sha512-KmfKL3b6G+RXvP8N1vr3Tq1kL/oCFgn2NYXEtqP8/L3pKapUA4G8cFVaoF3SU323CD4XypR/ffioHmkti6/Tag==
estraverse,5.3.0,BSD-2-Clause,node_modules/estraverse,True,False,ATTRIBUTION REQUIRED,"Retain exact upstream copyright and license; Apache NOTICE/modification notices, MPL file source, CC-BY attribution as applicable.",node_modules/estraverse/LICENSE.BSD,https://registry.npmjs.org/estraverse/-/estraverse-5.3.0.tgz,sha512-MMdARuVEQziNTeJD8DgMqmhwR11BRQ/cBP+pLtYdSTnf3MIO8fFeiINEbX36ZdNlfU/7A9f3gUw49B3oQsvwBA==
estree-walker,3.0.3,MIT,node_modules/estree-walker,True,False,ATTRIBUTION REQUIRED,"Retain exact upstream copyright and license; Apache NOTICE/modification notices, MPL file source, CC-BY attribution as applicable.",node_modules/estree-walker/LICENSE,https://registry.npmjs.org/estree-walker/-/estree-walker-3.0.3.tgz,sha512-7RUKfXgSMMkzt6ZuXmqapOurLGPPfgj6l9uRZ7lRGolvk0y2yocc35LdcxKC5PQZdn2DMqioAQ2NoWcrTKmm6g==
esutils,2.0.3,BSD-2-Clause,node_modules/esutils,True,False,ATTRIBUTION REQUIRED,"Retain exact upstream copyright and license; Apache NOTICE/modification notices, MPL file source, CC-BY attribution as applicable.",node_modules/esutils/LICENSE.BSD,https://registry.npmjs.org/esutils/-/esutils-2.0.3.tgz,sha512-kVscqXk4OCp68SZ0dkgEKVi6/8ij300KBWTJq32P/dYeWTSwK41WyTxalN1eRmA5Z9UU/LX9D7FWSmV9SAYx6g==
etag,1.8.1,MIT,node_modules/etag,False,False,ATTRIBUTION REQUIRED,"Retain exact upstream copyright and license; Apache NOTICE/modification notices, MPL file source, CC-BY attribution as applicable.",node_modules/etag/LICENSE,https://registry.npmjs.org/etag/-/etag-1.8.1.tgz,sha512-aIL5Fx7mawVa300al2BnEE4iNvo1qETxLrPI/o05L7z6go7fCw1J6EQmbK4FmJ2AS7kgVF/KEZWufBfdClMcPg==
expect-type,1.4.0,Apache-2.0,node_modules/expect-type,True,False,ATTRIBUTION REQUIRED,"Retain exact upstream copyright and license; Apache NOTICE/modification notices, MPL file source, CC-BY attribution as applicable.",node_modules/expect-type/LICENSE,https://registry.npmjs.org/expect-type/-/expect-type-1.4.0.tgz,sha512-KfYbmpRm0VbLjEvVa9yGwCi9GI34xvi7A/HXYWQO65CSD2u3MczUJSuwXKFIxlGsgBQizV9q5J9NHj4VG0n+pA==
express,5.2.1,MIT,node_modules/express,False,False,ATTRIBUTION REQUIRED,"Retain exact upstream copyright and license; Apache NOTICE/modification notices, MPL file source, CC-BY attribution as applicable.",node_modules/express/LICENSE,https://registry.npmjs.org/express/-/express-5.2.1.tgz,sha512-hIS4idWWai69NezIdRt2xFVofaF4j+6INOpJlVOLDO8zXGpUVEVzIYk12UUi2JzjEzWL3IOAxcTubgz9Po0yXw==
exsolve,1.1.1,MIT,node_modules/exsolve,False,False,ATTRIBUTION REQUIRED,"Retain exact upstream copyright and license; Apache NOTICE/modification notices, MPL file source, CC-BY attribution as applicable.",node_modules/exsolve/LICENSE,https://registry.npmjs.org/exsolve/-/exsolve-1.1.1.tgz,sha512-9U/jZUgjnSGyntRr6y5Muu1MJcwFl6kPu7k8qLF0IMNfLqvw0NZ4nnVDq0RVoZ0RvCyumib4Ez3KYrVfilrw+g==
fast-check,3.23.2,MIT,node_modules/fast-check,False,False,ATTRIBUTION REQUIRED,"Retain exact upstream copyright and license; Apache NOTICE/modification notices, MPL file source, CC-BY attribution as applicable.",node_modules/fast-check/LICENSE,https://registry.npmjs.org/fast-check/-/fast-check-3.23.2.tgz,sha512-h5+1OzzfCC3Ef7VbtKdcv7zsstUQwUDlYpUTvjeUsJAssPgLn7QzbboPtL5ro04Mq0rPOsMzl7q5hIbRs2wD1A==
fast-decode-uri-component,1.0.1,MIT,node_modules/fast-decode-uri-component,False,False,ATTRIBUTION REQUIRED,"Retain exact upstream copyright and license; Apache NOTICE/modification notices, MPL file source, CC-BY attribution as applicable.",node_modules/fast-decode-uri-component/LICENSE,https://registry.npmjs.org/fast-decode-uri-component/-/fast-decode-uri-component-1.0.1.tgz,sha512-WKgKWg5eUxvRZGwW8FvfbaH7AXSh2cL+3j5fMGzUMCxWBJ3dV3a7Wz8y2f/uQ0e3B6WmodD3oS54jTQ9HVTIIg==
fast-deep-equal,3.1.3,MIT,node_modules/fast-deep-equal,False,False,ATTRIBUTION REQUIRED,"Retain exact upstream copyright and license; Apache NOTICE/modification notices, MPL file source, CC-BY attribution as applicable.",node_modules/fast-deep-equal/LICENSE,https://registry.npmjs.org/fast-deep-equal/-/fast-deep-equal-3.1.3.tgz,sha512-f3qQ9oQy9j2AhBe/H9VC91wLmKBCCU/gDOnKNAYG5hswO7BLKj09Hc5HYNz9cGI++xlpDCIgDaitVs03ATR84Q==
fast-json-stable-stringify,2.1.0,MIT,node_modules/fast-json-stable-stringify,False,False,ATTRIBUTION REQUIRED,"Retain exact upstream copyright and license; Apache NOTICE/modification notices, MPL file source, CC-BY attribution as applicable.",node_modules/fast-json-stable-stringify/LICENSE,https://registry.npmjs.org/fast-json-stable-stringify/-/fast-json-stable-stringify-2.1.0.tgz,sha512-lhd/wF+Lk98HZoTCtlVraHtfh5XYijIjalXck7saUtuanSDyLMxnHhSXEDJqHxD7msR8D0uCmqlkwjCV8xvwHw==
fast-levenshtein,2.0.6,MIT,node_modules/fast-levenshtein,True,False,ATTRIBUTION REQUIRED,"Retain exact upstream copyright and license; Apache NOTICE/modification notices, MPL file source, CC-BY attribution as applicable.",node_modules/fast-levenshtein/LICENSE.md,https://registry.npmjs.org/fast-levenshtein/-/fast-levenshtein-2.0.6.tgz,sha512-DCXu6Ifhqcks7TZKY3Hxp3y6qphY5SJZmrWMDrKcERSOXWQdMhU9Ig/PYrzyw/ul9jOIyh0N4M0tbC5hodg8dw==
fast-querystring,1.1.2,MIT,node_modules/fast-querystring,False,False,ATTRIBUTION REQUIRED,"Retain exact upstream copyright and license; Apache NOTICE/modification notices, MPL file source, CC-BY attribution as applicable.",node_modules/fast-querystring/LICENSE,https://registry.npmjs.org/fast-querystring/-/fast-querystring-1.1.2.tgz,sha512-g6KuKWmFXc0fID8WWH0jit4g0AGBoJhCkJMb1RmbsSEUNvQ+ZC8D6CUZ+GtF8nMzSPXnhiePyyqqipzNNEnHjg==
fast-safe-stringify,2.1.1,MIT,node_modules/fast-safe-stringify,False,False,ATTRIBUTION REQUIRED,"Retain exact upstream copyright and license; Apache NOTICE/modification notices, MPL file source, CC-BY attribution as applicable.",node_modules/fast-safe-stringify/LICENSE,https://registry.npmjs.org/fast-safe-stringify/-/fast-safe-stringify-2.1.1.tgz,sha512-W+KJc2dmILlPplD/H4K9l9LcAHAfPtP6BY84uVLXQ6Evcz9Lcg33Y2z1IVblT6xdY54PXYVHEv+0Wpq8Io6zkA==
fast-uri,3.1.8,BSD-3-Clause,node_modules/fast-uri,False,False,ATTRIBUTION REQUIRED,"Retain exact upstream copyright and license; Apache NOTICE/modification notices, MPL file source, CC-BY attribution as applicable.",node_modules/fast-uri/LICENSE,https://registry.npmjs.org/fast-uri/-/fast-uri-3.1.8.tgz,sha512-GZMtZUTNRpOVIECoXwLNZS5xUGE+mVNbTB8h/7Rwh2TFWcBQiPzTgyZi05BF9UMZKkLJv8XBRJTlU7zg8+ZfMg==
fast-xml-builder,1.3.1,MIT,node_modules/fast-xml-builder,False,False,ATTRIBUTION REQUIRED,"Retain exact upstream copyright and license; Apache NOTICE/modification notices, MPL file source, CC-BY attribution as applicable.",node_modules/fast-xml-builder/LICENSE,https://registry.npmjs.org/fast-xml-builder/-/fast-xml-builder-1.3.1.tgz,sha512-pIM/1n3ntFXKYrUZwW7QCK0gAW7XY+wzj1YMIV3tLDvPj/V+zTGJK5e3/4WJfwj0qWw2ElNXiTixda/R+3YSug==
fast-xml-parser,5.11.1,MIT,node_modules/fast-xml-parser,False,False,ATTRIBUTION REQUIRED,"Retain exact upstream copyright and license; Apache NOTICE/modification notices, MPL file source, CC-BY attribution as applicable.",node_modules/fast-xml-parser/LICENSE,https://registry.npmjs.org/fast-xml-parser/-/fast-xml-parser-5.11.1.tgz,sha512-TBw6K/fxoQGGjCmZDw9w/ZwP3uDcnTM4YH/g+PFRWr8sbe5idXtxNN6vITh4+1ruCZaho6uBFurElsA7F0zzgw==
fdir,6.5.0,MIT,node_modules/fdir,True,False,ATTRIBUTION REQUIRED,"Retain exact upstream copyright and license; Apache NOTICE/modification notices, MPL file source, CC-BY attribution as applicable.",node_modules/fdir/LICENSE,https://registry.npmjs.org/fdir/-/fdir-6.5.0.tgz,sha512-tIbYtZbucOs0BRGqPJkshJUYdL+SDH7dVM8gjy+ERp3WAUjLEFJE+02kanyHtwjWOnwrKYBiwAmM0p4kLJAnXg==
file-entry-cache,11.1.5,MIT,node_modules/file-entry-cache,True,False,ATTRIBUTION REQUIRED,"Retain exact upstream copyright and license; Apache NOTICE/modification notices, MPL file source, CC-BY attribution as applicable.",node_modules/file-entry-cache/LICENSE,https://registry.npmjs.org/file-entry-cache/-/file-entry-cache-11.1.5.tgz,sha512-+PFTHITI08JIGhnNpGNI8T8inUpgZfk3GNEqfT9R2zZV2iFXg3CvqzSl/uEhs7TSGujYRELEANyDvS8Fj7+S7Q==
file-type,22.1.1,MIT,node_modules/file-type,False,False,ATTRIBUTION REQUIRED,"Retain exact upstream copyright and license; Apache NOTICE/modification notices, MPL file source, CC-BY attribution as applicable.",node_modules/file-type/license,https://registry.npmjs.org/file-type/-/file-type-22.1.1.tgz,sha512-sEB0oStmeLGtpmSAD88RDNuLsvhv4iC3u0lE25CUvfCULvj49xoQ3l3K525Vn+ZzsZ6DOLajQCV6RmhwwhqiJg==
finalhandler,2.1.1,MIT,node_modules/finalhandler,False,False,ATTRIBUTION REQUIRED,"Retain exact upstream copyright and license; Apache NOTICE/modification notices, MPL file source, CC-BY attribution as applicable.",node_modules/finalhandler/LICENSE,https://registry.npmjs.org/finalhandler/-/finalhandler-2.1.1.tgz,sha512-S8KoZgRZN+a5rNwqTxlZZePjT/4cnm0ROV70LedRHZ0p8u9fRID0hJUZQpkKLzro8LfmC8sx23bY6tVNxv8pQA==
find-my-way,9.7.0,MIT,node_modules/find-my-way,False,False,ATTRIBUTION REQUIRED,"Retain exact upstream copyright and license; Apache NOTICE/modification notices, MPL file source, CC-BY attribution as applicable.",node_modules/find-my-way/LICENSE,https://registry.npmjs.org/find-my-way/-/find-my-way-9.7.0.tgz,sha512-f2JHn75x2JlwUwLenZypgczR7YWMb/uO9BvUXtus+JMgkbIkLADd38cI4EiV+OQqrGo1Zlq6V8wnqMJ8e62wUQ==
find-up,5.0.0,MIT,node_modules/find-up,True,False,ATTRIBUTION REQUIRED,"Retain exact upstream copyright and license; Apache NOTICE/modification notices, MPL file source, CC-BY attribution as applicable.",node_modules/find-up/license,https://registry.npmjs.org/find-up/-/find-up-5.0.0.tgz,sha512-78/PXT1wlLLDgTzDs7sjq9hzz0vXD+zn+7wypEe4fXQxCmdmqfGsEPQxmiCSQI3ajFV91bVSsvNtrJRiW6nGng==
flat-cache,6.1.23,MIT,node_modules/flat-cache,True,False,ATTRIBUTION REQUIRED,"Retain exact upstream copyright and license; Apache NOTICE/modification notices, MPL file source, CC-BY attribution as applicable.",node_modules/flat-cache/LICENSE,https://registry.npmjs.org/flat-cache/-/flat-cache-6.1.23.tgz,sha512-f++BY9pTk+983xK1FLzlLpmM0i0z+jHmx3QESGkURMXujQZz1k5wzwX6hjnQ8goaD0B+sYnDK1yZ6MTyZfUaqA==
flatted,3.4.4,ISC,node_modules/flatted,True,False,ATTRIBUTION REQUIRED,"Retain exact upstream copyright and license; Apache NOTICE/modification notices, MPL file source, CC-BY attribution as applicable.",node_modules/flatted/LICENSE,https://registry.npmjs.org/flatted/-/flatted-3.4.4.tgz,sha512-5+ybhBZANEJxaH3X5evAFatUxLfEHSr7n6kYJ+1Qd0mUqr4eu9gIf6GDbWHf8RJijHrjjO8G+la14SlL2SeS1Q==
foreground-child,3.3.1,ISC,node_modules/foreground-child,False,False,ATTRIBUTION REQUIRED,"Retain exact upstream copyright and license; Apache NOTICE/modification notices, MPL file source, CC-BY attribution as applicable.",node_modules/foreground-child/LICENSE,https://registry.npmjs.org/foreground-child/-/foreground-child-3.3.1.tgz,sha512-gIXjKqtFuWEgzFRJA9WCQeSJLZDjgJUOMCMzxtvFq/37KojM1BFGufqsCy0r4qSQmYLsZYMeyRqzIWOMup03sw==
forwarded,0.2.0,MIT,node_modules/forwarded,False,False,ATTRIBUTION REQUIRED,"Retain exact upstream copyright and license; Apache NOTICE/modification notices, MPL file source, CC-BY attribution as applicable.",node_modules/forwarded/LICENSE,https://registry.npmjs.org/forwarded/-/forwarded-0.2.0.tgz,sha512-buRG0fpBtRHSTCOASe6hD258tEubFoRLb4ZNA6NxMVHNw2gOcwHo9wyablzMzOA5z9xA9L1KNjk/Nt6MT9aYow==
fresh,2.0.0,MIT,node_modules/fresh,False,False,ATTRIBUTION REQUIRED,"Retain exact upstream copyright and license; Apache NOTICE/modification notices, MPL file source, CC-BY attribution as applicable.",node_modules/fresh/LICENSE,https://registry.npmjs.org/fresh/-/fresh-2.0.0.tgz,sha512-Rx/WycZ60HOaqLKAi6cHRKKI7zxWbJ31MhntmtwMoaTeF7XFH9hhBp8vITaMidfljRQ6eYWCKkaTK+ykVJHP2A==
fsevents,2.3.3,MIT,node_modules/fsevents,True,True,ATTRIBUTION REQUIRED,"Retain exact upstream copyright and license; Apache NOTICE/modification notices, MPL file source, CC-BY attribution as applicable.",node_modules/fsevents/LICENSE,https://registry.npmjs.org/fsevents/-/fsevents-2.3.3.tgz,sha512-5xoDfX+fL7faATnagmWPpbFtwh/R77WmMMqqHGS65C3vvB0YHrgF+B1YmZ3441tMj5n63k0212XNoJwzlhffQw==
function-bind,1.1.2,MIT,node_modules/function-bind,False,False,ATTRIBUTION REQUIRED,"Retain exact upstream copyright and license; Apache NOTICE/modification notices, MPL file source, CC-BY attribution as applicable.",node_modules/function-bind/LICENSE,https://registry.npmjs.org/function-bind/-/function-bind-1.1.2.tgz,sha512-7XHNxH7qX9xG5mIwxkhumTox/MIRNcOgDrxWsMt2pAr23WHp6MrRlN7FBSFpCpr+oVO0F744iUgR82nJMfG2SA==
generate-function,2.3.1,MIT,node_modules/generate-function,False,False,ATTRIBUTION REQUIRED,"Retain exact upstream copyright and license; Apache NOTICE/modification notices, MPL file source, CC-BY attribution as applicable.",node_modules/generate-function/LICENSE,https://registry.npmjs.org/generate-function/-/generate-function-2.3.1.tgz,sha512-eeB5GfMNeevm/GRYq20ShmsaGcmI81kIX2K9XQx5miC8KdHaC6Jm0qQ8ZNeGOi7wYB8OsdxKs+Y2oVuTFuVwKQ==
gensync,1.0.0-beta.2,MIT,node_modules/gensync,True,False,ATTRIBUTION REQUIRED,"Retain exact upstream copyright and license; Apache NOTICE/modification notices, MPL file source, CC-BY attribution as applicable.",node_modules/gensync/LICENSE,https://registry.npmjs.org/gensync/-/gensync-1.0.0-beta.2.tgz,sha512-3hN7NaskYvMDLQY55gnW3NQ+mesEAepTqlg+VEbj7zzqEMBVNhzcGYYeqFo/TlYz6eQiFcp1HcsCZO+nGgS8zg==
get-intrinsic,1.3.0,MIT,node_modules/get-intrinsic,False,False,ATTRIBUTION REQUIRED,"Retain exact upstream copyright and license; Apache NOTICE/modification notices, MPL file source, CC-BY attribution as applicable.",node_modules/get-intrinsic/LICENSE,https://registry.npmjs.org/get-intrinsic/-/get-intrinsic-1.3.0.tgz,sha512-9fSjSaos/fRIVIp+xSJlE6lfwhES7LNtKaCBIamHsjr2na1BiABJPo0mOjjz8GJDURarmCPGqaiVg5mfjb98CQ==
get-port-please,3.2.0,MIT,node_modules/get-port-please,False,False,ATTRIBUTION REQUIRED,"Retain exact upstream copyright and license; Apache NOTICE/modification notices, MPL file source, CC-BY attribution as applicable.",node_modules/get-port-please/LICENSE,https://registry.npmjs.org/get-port-please/-/get-port-please-3.2.0.tgz,sha512-I9QVvBw5U/hw3RmWpYKRumUeaDgxTPd401x364rLmWBJcOQ753eov1eTgzDqRG9bqFIfDc7gfzcQEWrUri3o1A==
get-proto,1.0.1,MIT,node_modules/get-proto,False,False,ATTRIBUTION REQUIRED,"Retain exact upstream copyright and license; Apache NOTICE/modification notices, MPL file source, CC-BY attribution as applicable.",node_modules/get-proto/LICENSE,https://registry.npmjs.org/get-proto/-/get-proto-1.0.1.tgz,sha512-sTSfBjoXBp89JvIKIefqw7U2CCebsc74kiY6awiGogKtoSGbgjYE/G/+l9sF3MWFPNc9IcoOC4ODfKHfxFmp0g==
giget,3.3.1,MIT,node_modules/giget,False,False,ATTRIBUTION REQUIRED,"Retain exact upstream copyright and license; Apache NOTICE/modification notices, MPL file source, CC-BY attribution as applicable.",node_modules/giget/LICENSE,https://registry.npmjs.org/giget/-/giget-3.3.1.tgz,sha512-r+mvuDjrjMpsdw46Kmeydb8bdHm7wOKw8wNBtTndkjbPjgAp5oUJUxRE76wZFknxIPokfWvep2qSXK37aXE6zg==
glob-parent,6.0.2,ISC,node_modules/glob-parent,True,False,ATTRIBUTION REQUIRED,"Retain exact upstream copyright and license; Apache NOTICE/modification notices, MPL file source, CC-BY attribution as applicable.",node_modules/glob-parent/LICENSE,https://registry.npmjs.org/glob-parent/-/glob-parent-6.0.2.tgz,sha512-XxwI8EOhVQgWp6iDL+3b0r86f4d6AX6zSU55HfB4ydCEuXLXc5FcYeOu+nnGftS4TEju/11rt4KJPTMgbfmv4A==
globals,17.12.0,MIT,node_modules/globals,True,False,ATTRIBUTION REQUIRED,"Retain exact upstream copyright and license; Apache NOTICE/modification notices, MPL file source, CC-BY attribution as applicable.",node_modules/globals/license,https://registry.npmjs.org/globals/-/globals-17.12.0.tgz,sha512-cezEd/DTyyht9cvSSURyygXPfy04GtWO/5e6ZPvH7fCtjKz9PYOmuawphw1Ctd1f6C+5JypXfGD7ahNMXvevBA==
gopd,1.2.0,MIT,node_modules/gopd,False,False,ATTRIBUTION REQUIRED,"Retain exact upstream copyright and license; Apache NOTICE/modification notices, MPL file source, CC-BY attribution as applicable.",node_modules/gopd/LICENSE,https://registry.npmjs.org/gopd/-/gopd-1.2.0.tgz,sha512-ZUKRh6/kUFoAiTAtTYPZJ3hw9wNxx+BIBOijnlG9PnrJsCcSjs1wyyD6vJpaYtgnzDrKYRSqf3OO6Rfa93xsRg==
graceful-fs,4.2.11,ISC,node_modules/graceful-fs,False,False,ATTRIBUTION REQUIRED,"Retain exact upstream copyright and license; Apache NOTICE/modification notices, MPL file source, CC-BY attribution as applicable.",node_modules/graceful-fs/LICENSE,https://registry.npmjs.org/graceful-fs/-/graceful-fs-4.2.11.tgz,sha512-RbJ5/jmFcNNCcDV5o9eTnBLJ/HszWV0P73bc+Ff4nS/rJj+YaS6IGyiOL0VoBYX+l1Wrl3k63h/KrH+nhJ0XvQ==
grammex,3.1.13,MIT,node_modules/grammex,False,False,ATTRIBUTION REQUIRED,"Retain exact upstream copyright and license; Apache NOTICE/modification notices, MPL file source, CC-BY attribution as applicable.",node_modules/grammex/license,https://registry.npmjs.org/grammex/-/grammex-3.1.13.tgz,sha512-LnPnhOBLEJEVKS8WFDVaA397L9Kq55Q9oSITJiVLHVdhAclfUkWzQv74KhvZHKL2Q09Pb1XdsrOsZ4LfTFFTEg==
graphmatch,1.1.1,MIT,node_modules/graphmatch,False,False,ATTRIBUTION REQUIRED,"Retain exact upstream copyright and license; Apache NOTICE/modification notices, MPL file source, CC-BY attribution as applicable.",node_modules/graphmatch/license,https://registry.npmjs.org/graphmatch/-/graphmatch-1.1.1.tgz,sha512-5ykVn/EXM1hF0XCaWh05VbYvEiOL2lY1kBxZtaYsyvjp7cmWOU1XsAdfQBwClraEofXDT197lFbXOEVMHpvQOg==
has-symbols,1.1.0,MIT,node_modules/has-symbols,False,False,ATTRIBUTION REQUIRED,"Retain exact upstream copyright and license; Apache NOTICE/modification notices, MPL file source, CC-BY attribution as applicable.",node_modules/has-symbols/LICENSE,https://registry.npmjs.org/has-symbols/-/has-symbols-1.1.0.tgz,sha512-1cDNdwJ2Jaohmb3sg4OmKaMBwuC48sYni5HUw2DvsC8LjGTLK9h+eb1X6RyuOHe4hT0ULCW68iomhjUoKUqlPQ==
hashery,1.5.1,MIT,node_modules/hashery,True,False,ATTRIBUTION REQUIRED,"Retain exact upstream copyright and license; Apache NOTICE/modification notices, MPL file source, CC-BY attribution as applicable.",node_modules/hashery/LICENSE,https://registry.npmjs.org/hashery/-/hashery-1.5.1.tgz,sha512-iZyKG96/JwPz1N55vj2Ie2vXbhu440zfUfJvSwEqEbeLluk7NnapfGqa7LH0mOsnDxTF85Mx8/dyR6HfqcbmbQ==
hasown,2.0.4,MIT,node_modules/hasown,False,False,ATTRIBUTION REQUIRED,"Retain exact upstream copyright and license; Apache NOTICE/modification notices, MPL file source, CC-BY attribution as applicable.",node_modules/hasown/LICENSE,https://registry.npmjs.org/hasown/-/hasown-2.0.4.tgz,sha512-T2UbfbBEF32wiepXIsMlTW9+dDYC6wMh/t/vYA4tuOMKqWz/n3vr1NFSxQiyP+zk2mXsoMA/i/7qV6LKut1t1A==
helmet,8.3.0,MIT,node_modules/helmet,False,False,ATTRIBUTION REQUIRED,"Retain exact upstream copyright and license; Apache NOTICE/modification notices, MPL file source, CC-BY attribution as applicable.",node_modules/helmet/LICENSE,https://registry.npmjs.org/helmet/-/helmet-8.3.0.tgz,sha512-Qgpiaws3Sm30Av8Eah6sjMCZZwjlBu+E68rhpCWBshY1lb09HtLwj5GviX0OyQIn+ulUS0iX0AxN5n3tLZzz1w==
hermes-estree,0.25.1,MIT,node_modules/hermes-estree,True,False,ATTRIBUTION REQUIRED,"Retain exact upstream copyright and license; Apache NOTICE/modification notices, MPL file source, CC-BY attribution as applicable.",node_modules/hermes-estree/LICENSE,https://registry.npmjs.org/hermes-estree/-/hermes-estree-0.25.1.tgz,sha512-0wUoCcLp+5Ev5pDW2OriHC2MJCbwLwuRx+gAqMTOkGKJJiBCLjtrvy4PWUGn6MIVefecRpzoOZ/UV6iGdOr+Cw==
hermes-parser,0.25.1,MIT,node_modules/hermes-parser,True,False,ATTRIBUTION REQUIRED,"Retain exact upstream copyright and license; Apache NOTICE/modification notices, MPL file source, CC-BY attribution as applicable.",node_modules/hermes-parser/LICENSE,https://registry.npmjs.org/hermes-parser/-/hermes-parser-0.25.1.tgz,sha512-6pEjquH3rqaI6cYAXYPcz9MS4rY6R4ngRgrgfDshRptUZIc3lw0MCIJIGDj9++mfySOuPTHB4nrSW99BCvOPIA==
hookified,1.15.1,MIT,node_modules/hookified,True,False,ATTRIBUTION REQUIRED,"Retain exact upstream copyright and license; Apache NOTICE/modification notices, MPL file source, CC-BY attribution as applicable.",node_modules/hookified/LICENSE,https://registry.npmjs.org/hookified/-/hookified-1.15.1.tgz,sha512-MvG/clsADq1GPM2KGo2nyfaWVyn9naPiXrqIe4jYjXNZQt238kWyOGrsyc/DmRAQ+Re6yeo6yX/yoNCG5KAEVg==
hookified,2.2.0,MIT,node_modules/qified/node_modules/hookified,True,False,ATTRIBUTION REQUIRED,"Retain exact upstream copyright and license; Apache NOTICE/modification notices, MPL file source, CC-BY attribution as applicable.",node_modules/qified/node_modules/hookified/LICENSE,https://registry.npmjs.org/hookified/-/hookified-2.2.0.tgz,sha512-p/LgFzRN5FeoD3DLS6bkUapeye6E4SI6yJs6KetENd18S+FBthqYq2amJUWpt5z0EQwwHemidjY5OqJGEKm5uA==
html-encoding-sniffer,7.0.0,MIT,node_modules/html-encoding-sniffer,True,False,ATTRIBUTION REQUIRED,"Retain exact upstream copyright and license; Apache NOTICE/modification notices, MPL file source, CC-BY attribution as applicable.",node_modules/html-encoding-sniffer/LICENSE.txt,https://registry.npmjs.org/html-encoding-sniffer/-/html-encoding-sniffer-7.0.0.tgz,sha512-UikN5yr7xsCDAq87Or5or0PAlD3HJJOKVzM05az588WnpDJ4Ux7a2A53Qi6gofGg2/EtvF/H4hCi/TXfCW4Y6w==
http-errors,2.0.1,MIT,node_modules/http-errors,False,False,ATTRIBUTION REQUIRED,"Retain exact upstream copyright and license; Apache NOTICE/modification notices, MPL file source, CC-BY attribution as applicable.",node_modules/http-errors/LICENSE,https://registry.npmjs.org/http-errors/-/http-errors-2.0.1.tgz,sha512-4FbRdAX+bSdmo4AUFuS0WNiPz8NgFt+r8ThgNWmlrjQjt1Q7ZR9+zTlce2859x4KSXrwIsaeTqDoKQmtP8pLmQ==
iconv-lite,0.7.3,MIT,node_modules/iconv-lite,False,False,ATTRIBUTION REQUIRED,"Retain exact upstream copyright and license; Apache NOTICE/modification notices, MPL file source, CC-BY attribution as applicable.",node_modules/iconv-lite/LICENSE,https://registry.npmjs.org/iconv-lite/-/iconv-lite-0.7.3.tgz,sha512-IKXpvIzjnC9XTAUbVBcMfGS0EPaIXtW6v+zr+RRp+hqULEpo0owZax6wyRwPOJbWbzjYspQwusTsfVr0ifh4uQ==
ieee754,1.2.1,BSD-3-Clause,node_modules/ieee754,False,False,ATTRIBUTION REQUIRED,"Retain exact upstream copyright and license; Apache NOTICE/modification notices, MPL file source, CC-BY attribution as applicable.",node_modules/ieee754/LICENSE,https://registry.npmjs.org/ieee754/-/ieee754-1.2.1.tgz,sha512-dcyqhDvX1C46lXZcVqCpK+FtMRQVdIMN6/Df5js2zouUsqG7I6sFxitIC+7KYK29KdXOLHdu9zL4sFnoVQnqaA==
ignore,7.0.10,MIT,node_modules/@typescript-eslint/eslint-plugin/node_modules/ignore,True,False,ATTRIBUTION REQUIRED,"Retain exact upstream copyright and license; Apache NOTICE/modification notices, MPL file source, CC-BY attribution as applicable.",node_modules/@typescript-eslint/eslint-plugin/node_modules/ignore/LICENSE-MIT,https://registry.npmjs.org/ignore/-/ignore-7.0.10.tgz,sha512-HpbUakT7xp5miBUywCHf36ZEuAJNklBJDDsGpUIjMzOSmM8ELSfA9Sa/QDPeNeqeoN31u+UTCkL4klCOVvRm4Q==
ignore,5.3.2,MIT,node_modules/ignore,True,False,ATTRIBUTION REQUIRED,"Retain exact upstream copyright and license; Apache NOTICE/modification notices, MPL file source, CC-BY attribution as applicable.",node_modules/ignore/LICENSE-MIT,https://registry.npmjs.org/ignore/-/ignore-5.3.2.tgz,sha512-hsBTNUqQTDwkWtcdYI2i06Y/nUBEsNEDJKjWdigLvegy8kDuJAS8uRlpkkcQpyEXL0Z/pjDy5HBmMjRCJ2gq+g==
imurmurhash,0.1.4,MIT,node_modules/imurmurhash,True,False,ATTRIBUTION REQUIRED,"Retain exact upstream copyright and license; Apache NOTICE/modification notices, MPL file source, CC-BY attribution as applicable.",Lockfile metadata; optional platform package not installed on this host,https://registry.npmjs.org/imurmurhash/-/imurmurhash-0.1.4.tgz,sha512-JmXMZ6wuvDmLiHEml9ykzqO6lwFbof0GG4IkcGaENdCRDDmMVnny7s5HsIgHCbaq0w2MyPhDqkhTUgS2LU2PHA==
indent-string,4.0.0,MIT,node_modules/indent-string,True,False,ATTRIBUTION REQUIRED,"Retain exact upstream copyright and license; Apache NOTICE/modification notices, MPL file source, CC-BY attribution as applicable.",node_modules/indent-string/license,https://registry.npmjs.org/indent-string/-/indent-string-4.0.0.tgz,sha512-EdDDZu4A2OyIK7Lr/2zG+w5jmbuk1DVBnEwREQvBzspBJkCEbRa8GxU1lghYcaGJCnRWibjDXlq779X1/y5xwg==
inherits,2.0.4,ISC,node_modules/inherits,False,False,ATTRIBUTION REQUIRED,"Retain exact upstream copyright and license; Apache NOTICE/modification notices, MPL file source, CC-BY attribution as applicable.",node_modules/inherits/LICENSE,https://registry.npmjs.org/inherits/-/inherits-2.0.4.tgz,sha512-k/vGaX4/Yla3WzyMCvTQOXYeIHvqOKtnqBduzTHpzpQZzAskKMhZ2K+EnBiSM9zGSoIFeMpXKxa4dYeZIQqewQ==
internmap,2.0.3,ISC,node_modules/internmap,False,False,ATTRIBUTION REQUIRED,"Retain exact upstream copyright and license; Apache NOTICE/modification notices, MPL file source, CC-BY attribution as applicable.",node_modules/internmap/LICENSE,https://registry.npmjs.org/internmap/-/internmap-2.0.3.tgz,sha512-5Hh7Y1wQbvY5ooGgPbDaL5iYLAPzMTUrjMulskHLH6wnv/A+1q5rgEaiuqEjB+oxGXIVZs1FF+R/KPN3ZSQYYg==
ipaddr.js,1.9.1,MIT,node_modules/ipaddr.js,False,False,ATTRIBUTION REQUIRED,"Retain exact upstream copyright and license; Apache NOTICE/modification notices, MPL file source, CC-BY attribution as applicable.",node_modules/ipaddr.js/LICENSE,https://registry.npmjs.org/ipaddr.js/-/ipaddr.js-1.9.1.tgz,sha512-0KI/607xoxSToH7GjN1FfSbLoU0+btTicjsQSWQlh/hZykN8KpmMf7uYwPW3R+akZ6R/w18ZlXSHBYXiYUPO3g==
is-extglob,2.1.1,MIT,node_modules/is-extglob,True,False,ATTRIBUTION REQUIRED,"Retain exact upstream copyright and license; Apache NOTICE/modification notices, MPL file source, CC-BY attribution as applicable.",node_modules/is-extglob/LICENSE,https://registry.npmjs.org/is-extglob/-/is-extglob-2.1.1.tgz,sha512-SbKbANkN603Vi4jEZv49LeVJMn4yGwsbzZworEoyEiutsN3nJYdbO36zfhGJ6QEDpOZIFkDtnq5JRxmvl3jsoQ==
is-glob,4.0.3,MIT,node_modules/is-glob,True,False,ATTRIBUTION REQUIRED,"Retain exact upstream copyright and license; Apache NOTICE/modification notices, MPL file source, CC-BY attribution as applicable.",node_modules/is-glob/LICENSE,https://registry.npmjs.org/is-glob/-/is-glob-4.0.3.tgz,sha512-xelSayHH36ZgE7ZWhli7pW34hNbNl8Ojv5KVmkJD4hBdD3th8Tfk9vYasLM+mXWOZhFkgZfxhLSnrwRr4elSSg==
is-potential-custom-element-name,1.0.1,MIT,node_modules/is-potential-custom-element-name,True,False,ATTRIBUTION REQUIRED,"Retain exact upstream copyright and license; Apache NOTICE/modification notices, MPL file source, CC-BY attribution as applicable.",node_modules/is-potential-custom-element-name/LICENSE-MIT.txt,https://registry.npmjs.org/is-potential-custom-element-name/-/is-potential-custom-element-name-1.0.1.tgz,sha512-bCYeRA2rVibKZd+s2625gGnGF/t7DSqDs4dP7CrLA1m7jKWz6pps0LpYLJN8Q64HtmPKJ1hrN3nzPNKFEKOUiQ==
is-promise,4.0.0,MIT,node_modules/is-promise,False,False,ATTRIBUTION REQUIRED,"Retain exact upstream copyright and license; Apache NOTICE/modification notices, MPL file source, CC-BY attribution as applicable.",node_modules/is-promise/LICENSE,https://registry.npmjs.org/is-promise/-/is-promise-4.0.0.tgz,sha512-hvpoI6korhJMnej285dSg6nu1+e6uxs7zG3BYAm5byqDsgJNWwxzM6z6iZiAgQR4TJ30JmBTOwqZUw3WlyH3AQ==
is-property,1.0.2,MIT,node_modules/is-property,False,False,ATTRIBUTION REQUIRED,"Retain exact upstream copyright and license; Apache NOTICE/modification notices, MPL file source, CC-BY attribution as applicable.",node_modules/is-property/LICENSE,https://registry.npmjs.org/is-property/-/is-property-1.0.2.tgz,sha512-Ks/IoX00TtClbGQr4TWXemAnktAQvYB7HzcCxDGqEZU6oCmb2INHuOoKxbtR+HFkmYWBKv/dOZtGRiAjDhj92g==
is-unsafe,2.0.2,MIT,node_modules/is-unsafe,False,False,ATTRIBUTION REQUIRED,"Retain exact upstream copyright and license; Apache NOTICE/modification notices, MPL file source, CC-BY attribution as applicable.",node_modules/is-unsafe/LICENSE,https://registry.npmjs.org/is-unsafe/-/is-unsafe-2.0.2.tgz,sha512-HgbIHPBH0KHHCcjLfGsCvhtPTVxjaAZlXjwdz7/GQC40SjSe4sfQsar8J5VFo8JOSbarkpV0OLG95bbaNd9aAQ==
isexe,2.0.0,ISC,node_modules/isexe,False,False,ATTRIBUTION REQUIRED,"Retain exact upstream copyright and license; Apache NOTICE/modification notices, MPL file source, CC-BY attribution as applicable.",node_modules/isexe/LICENSE,https://registry.npmjs.org/isexe/-/isexe-2.0.0.tgz,sha512-RHxMLp9lnKHGHRng9QFhRCMbYAcVpn69smSGcq3f36xjgVVWThj4qqLbTLlq7Ssj8B+fIQ1EuCEGI2lKsyQeIw==
iterare,1.2.1,ISC,node_modules/iterare,False,False,ATTRIBUTION REQUIRED,"Retain exact upstream copyright and license; Apache NOTICE/modification notices, MPL file source, CC-BY attribution as applicable.",node_modules/iterare/LICENSE.txt,https://registry.npmjs.org/iterare/-/iterare-1.2.1.tgz,sha512-RKYVTCjAnRthyJes037NX/IiqeidgN1xc3j1RjFfECFp28A1GVwK9nA+i0rJPaHqSZwygLzRnFlzUuHFoWWy+Q==
jiti,2.7.0,MIT,node_modules/jiti,False,False,ATTRIBUTION REQUIRED,"Retain exact upstream copyright and license; Apache NOTICE/modification notices, MPL file source, CC-BY attribution as applicable.",node_modules/jiti/LICENSE,https://registry.npmjs.org/jiti/-/jiti-2.7.0.tgz,sha512-AC/7JofJvZGrrneWNaEnJeOLUx+JlGt7tNa0wZiRPT4MY1wmfKjt2+6O2p2uz2+skll8OZZmJMNqeke7kKbNgQ==
js-tokens,4.0.0,MIT,node_modules/js-tokens,True,False,ATTRIBUTION REQUIRED,"Retain exact upstream copyright and license; Apache NOTICE/modification notices, MPL file source, CC-BY attribution as applicable.",node_modules/js-tokens/LICENSE,https://registry.npmjs.org/js-tokens/-/js-tokens-4.0.0.tgz,sha512-RdJUflcE3cUzKiMqQgsCu06FPu9UdIJO0beYbPhHN4k6apgJtifcoCtT9bcxOpYBtpD2kCM6Sbzg4CausW/PKQ==
jsdom,30.1.1,MIT,node_modules/jsdom,True,False,ATTRIBUTION REQUIRED,"Retain exact upstream copyright and license; Apache NOTICE/modification notices, MPL file source, CC-BY attribution as applicable.",node_modules/jsdom/LICENSE.txt,https://registry.npmjs.org/jsdom/-/jsdom-30.1.1.tgz,sha512-FahmoPK5vbPc+jxV1iErMHmAZypCZ942NHF4+qqaWAuvaKKTBZxawnmAtrbGWLU7MtlxfqIP0qw6aSI+aWGtLg==
jsesc,3.1.0,MIT,node_modules/jsesc,True,False,ATTRIBUTION REQUIRED,"Retain exact upstream copyright and license; Apache NOTICE/modification notices, MPL file source, CC-BY attribution as applicable.",node_modules/jsesc/LICENSE-MIT.txt,https://registry.npmjs.org/jsesc/-/jsesc-3.1.0.tgz,sha512-/sM3dO2FOzXjKQhJuo0Q173wf2KOo8t4I8vHy6lF9poUp7bKT0/NHE8fPX23PwfhnykfqnC2xRxOnVw5XuGIaA==
json-schema-traverse,1.0.0,MIT,node_modules/@prisma/streams-local/node_modules/json-schema-traverse,False,False,ATTRIBUTION REQUIRED,"Retain exact upstream copyright and license; Apache NOTICE/modification notices, MPL file source, CC-BY attribution as applicable.",node_modules/@prisma/streams-local/node_modules/json-schema-traverse/LICENSE,https://registry.npmjs.org/json-schema-traverse/-/json-schema-traverse-1.0.0.tgz,sha512-NM8/P9n3XjXhIZn1lLhkFaACTOURQXjWhV4BA/RnOv8xvgqtqpAX9IO4mRQxSx1Rlo4tqzeqb0sOlruaOy3dug==
json-schema-traverse,0.4.1,MIT,node_modules/json-schema-traverse,False,False,ATTRIBUTION REQUIRED,"Retain exact upstream copyright and license; Apache NOTICE/modification notices, MPL file source, CC-BY attribution as applicable.",node_modules/json-schema-traverse/LICENSE,https://registry.npmjs.org/json-schema-traverse/-/json-schema-traverse-0.4.1.tgz,sha512-xbbCH5dCYU5T8LcEhhuh7HJ88HXuW3qsI3Y0zOZFKfZEHcpWiHU/Jxzk629Brsab/mMiHQti9wMP+845RPe3Vg==
json-stable-stringify-without-jsonify,1.0.1,MIT,node_modules/json-stable-stringify-without-jsonify,True,False,ATTRIBUTION REQUIRED,"Retain exact upstream copyright and license; Apache NOTICE/modification notices, MPL file source, CC-BY attribution as applicable.",node_modules/json-stable-stringify-without-jsonify/LICENSE,https://registry.npmjs.org/json-stable-stringify-without-jsonify/-/json-stable-stringify-without-jsonify-1.0.1.tgz,sha512-Bdboy+l7tA3OGW6FjyFHWkP5LuByj1Tk33Ljyq0axyzdk9//JSi2u3fP1QSmd1KNwq6VOKYGlAu87CisVir6Pw==
json5,2.2.3,MIT,node_modules/json5,True,False,ATTRIBUTION REQUIRED,"Retain exact upstream copyright and license; Apache NOTICE/modification notices, MPL file source, CC-BY attribution as applicable.",node_modules/json5/LICENSE.md,https://registry.npmjs.org/json5/-/json5-2.2.3.tgz,sha512-XmOWe7eyHYH14cLdVPoyg+GOH3rYX++KpzrylJwSW98t3Nk+U8XOl8FWKOgwtzdb8lXGf6zYwDUzeHMWfxasyg==
keyv,5.6.0,MIT,node_modules/keyv,True,False,ATTRIBUTION REQUIRED,"Retain exact upstream copyright and license; Apache NOTICE/modification notices, MPL file source, CC-BY attribution as applicable.",node_modules/keyv/LICENSE,https://registry.npmjs.org/keyv/-/keyv-5.6.0.tgz,sha512-CYDD3SOtsHtyXeEORYRx2qBtpDJFjRTGXUtmNEMGyzYOKj1TE3tycdlho7kA1Ufx9OYWZzg52QFBGALTirzDSw==
levn,0.4.1,MIT,node_modules/levn,True,False,ATTRIBUTION REQUIRED,"Retain exact upstream copyright and license; Apache NOTICE/modification notices, MPL file source, CC-BY attribution as applicable.",node_modules/levn/LICENSE,https://registry.npmjs.org/levn/-/levn-0.4.1.tgz,sha512-+bT2uH4E5LGE7h/n3evcS/sQlJXCpIp6ym8OWJ5eV6+67Dsql/LaaT7qJBAt2rzfoa/5QBGBhxDix1dMt2kQKQ==
lightningcss,1.33.0,MPL-2.0,node_modules/lightningcss,True,False,ATTRIBUTION REQUIRED,"Retain exact upstream copyright and license; Apache NOTICE/modification notices, MPL file source, CC-BY attribution as applicable.",node_modules/lightningcss/LICENSE,https://registry.npmjs.org/lightningcss/-/lightningcss-1.33.0.tgz,sha512-WkUDrojuJs0xkgGf2udWxa3yGBRxPtxUkB79i6aCZLRgc7PM8fZe9TosfPDcvEpQZbuFASnHYmRLBLUbmLOIIA==
lightningcss-android-arm64,1.33.0,MPL-2.0,node_modules/lightningcss-android-arm64,True,True,ATTRIBUTION REQUIRED,"Retain exact upstream copyright and license; Apache NOTICE/modification notices, MPL file source, CC-BY attribution as applicable.",Lockfile metadata; optional platform package not installed on this host,https://registry.npmjs.org/lightningcss-android-arm64/-/lightningcss-android-arm64-1.33.0.tgz,sha512-gEpRTalKdosp4Bb8qWtc2iOgE5SeIHlpS1up9bFq2wAyYhl1UdTObYiHe98zEM9SQvSoqQZ1IQD0JNpg3Ml5pg==
lightningcss-darwin-arm64,1.33.0,MPL-2.0,node_modules/lightningcss-darwin-arm64,True,True,ATTRIBUTION REQUIRED,"Retain exact upstream copyright and license; Apache NOTICE/modification notices, MPL file source, CC-BY attribution as applicable.",node_modules/lightningcss-darwin-arm64/LICENSE,https://registry.npmjs.org/lightningcss-darwin-arm64/-/lightningcss-darwin-arm64-1.33.0.tgz,sha512-Sciaz8eenNTKn9b3t7+xr0ipTp9YxKQY4npwQ3mrRuL0BAVHBLyZxofhaKBAVtzmtRZ/zTyo0/to4B1uWG/Djg==
lightningcss-darwin-x64,1.33.0,MPL-2.0,node_modules/lightningcss-darwin-x64,True,True,ATTRIBUTION REQUIRED,"Retain exact upstream copyright and license; Apache NOTICE/modification notices, MPL file source, CC-BY attribution as applicable.",Lockfile metadata; optional platform package not installed on this host,https://registry.npmjs.org/lightningcss-darwin-x64/-/lightningcss-darwin-x64-1.33.0.tgz,sha512-Z5UPAxzrjlWNNyGy6i65cJzzvgJ5D3T6wMvs+gWpY9d7qRhANrxqAp6LhxIgZhWEw18RfJTGcRxjuLIBr+m8XQ==
lightningcss-freebsd-x64,1.33.0,MPL-2.0,node_modules/lightningcss-freebsd-x64,True,True,ATTRIBUTION REQUIRED,"Retain exact upstream copyright and license; Apache NOTICE/modification notices, MPL file source, CC-BY attribution as applicable.",Lockfile metadata; optional platform package not installed on this host,https://registry.npmjs.org/lightningcss-freebsd-x64/-/lightningcss-freebsd-x64-1.33.0.tgz,sha512-QQM/Ti/hQajJwCY+RiWuCZ9sdtI/XQk7nDK5vC8kkdwixezOlDgvDx7+RT+QjK6FcFT4MpsuoBnHIo/O3StRRg==
lightningcss-linux-arm-gnueabihf,1.33.0,MPL-2.0,node_modules/lightningcss-linux-arm-gnueabihf,True,True,ATTRIBUTION REQUIRED,"Retain exact upstream copyright and license; Apache NOTICE/modification notices, MPL file source, CC-BY attribution as applicable.",Lockfile metadata; optional platform package not installed on this host,https://registry.npmjs.org/lightningcss-linux-arm-gnueabihf/-/lightningcss-linux-arm-gnueabihf-1.33.0.tgz,sha512-N7FVBe6iS24MlM6R/4RBTxGhQheZGs7tiQ9U32UtF75NzP5Q7xWPRqLBCKxlRQRk3rY1jCIPLzx7WzOhuUIRLQ==
lightningcss-linux-arm64-gnu,1.33.0,MPL-2.0,node_modules/lightningcss-linux-arm64-gnu,True,True,ATTRIBUTION REQUIRED,"Retain exact upstream copyright and license; Apache NOTICE/modification notices, MPL file source, CC-BY attribution as applicable.",Lockfile metadata; optional platform package not installed on this host,https://registry.npmjs.org/lightningcss-linux-arm64-gnu/-/lightningcss-linux-arm64-gnu-1.33.0.tgz,sha512-j2v/itmy4HlNxlc6voKXYgBqNi0Ng2LShg4z7GufpEgs05P+2suBVyi9I6YHq5uoVFx9ETin3eCEhLVyXGQnKg==
lightningcss-linux-arm64-musl,1.33.0,MPL-2.0,node_modules/lightningcss-linux-arm64-musl,True,True,ATTRIBUTION REQUIRED,"Retain exact upstream copyright and license; Apache NOTICE/modification notices, MPL file source, CC-BY attribution as applicable.",Lockfile metadata; optional platform package not installed on this host,https://registry.npmjs.org/lightningcss-linux-arm64-musl/-/lightningcss-linux-arm64-musl-1.33.0.tgz,sha512-yiO5ROMuYQgXbC60yjZU5CYSFZGKXL0HFATXt9mHJn1+zW55oCtMI9NfcVhYLMFDL7gV7oBPon/EmMMGg2OvtQ==
lightningcss-linux-x64-gnu,1.33.0,MPL-2.0,node_modules/lightningcss-linux-x64-gnu,True,True,ATTRIBUTION REQUIRED,"Retain exact upstream copyright and license; Apache NOTICE/modification notices, MPL file source, CC-BY attribution as applicable.",Lockfile metadata; optional platform package not installed on this host,https://registry.npmjs.org/lightningcss-linux-x64-gnu/-/lightningcss-linux-x64-gnu-1.33.0.tgz,sha512-ar+Ju7LmcN0Jo4FpL4hpFybwNG9/3A/Br5KW2n2jyODg3MEZXaDYADdemoNS+BDNfMgKvylJLj4S5tyRActuAg==
lightningcss-linux-x64-musl,1.33.0,MPL-2.0,node_modules/lightningcss-linux-x64-musl,True,True,ATTRIBUTION REQUIRED,"Retain exact upstream copyright and license; Apache NOTICE/modification notices, MPL file source, CC-BY attribution as applicable.",Lockfile metadata; optional platform package not installed on this host,https://registry.npmjs.org/lightningcss-linux-x64-musl/-/lightningcss-linux-x64-musl-1.33.0.tgz,sha512-RYiYbkokw0trfKqqzfF55lginwEPrD3OJDfTuJzFs1MK6iFnDenaz1fqLLtX4ITG3OktJQXOeTaw1awrBAlZPw==
lightningcss-win32-arm64-msvc,1.33.0,MPL-2.0,node_modules/lightningcss-win32-arm64-msvc,True,True,ATTRIBUTION REQUIRED,"Retain exact upstream copyright and license; Apache NOTICE/modification notices, MPL file source, CC-BY attribution as applicable.",Lockfile metadata; optional platform package not installed on this host,https://registry.npmjs.org/lightningcss-win32-arm64-msvc/-/lightningcss-win32-arm64-msvc-1.33.0.tgz,sha512-1K+MPfLSFVpphzpdbfkhlWk6wBrTObBzS2T6db10PNOZgR9GoVsAWzwNyuhUYYbTp23j+4RrncfujZ4uAzXvwA==
lightningcss-win32-x64-msvc,1.33.0,MPL-2.0,node_modules/lightningcss-win32-x64-msvc,True,True,ATTRIBUTION REQUIRED,"Retain exact upstream copyright and license; Apache NOTICE/modification notices, MPL file source, CC-BY attribution as applicable.",Lockfile metadata; optional platform package not installed on this host,https://registry.npmjs.org/lightningcss-win32-x64-msvc/-/lightningcss-win32-x64-msvc-1.33.0.tgz,sha512-OlEICDx/Xl0FqSp4bry8zFnCvGpig3Gl4gCquvYwHuqJKEC1+n9NgDniFvqHGmMv1ZkqDJrDqKKSykTDX+ehuA==
load-esm,1.0.3,MIT,node_modules/load-esm,False,False,ATTRIBUTION REQUIRED,"Retain exact upstream copyright and license; Apache NOTICE/modification notices, MPL file source, CC-BY attribution as applicable.",node_modules/load-esm/LICENSE.txt,https://registry.npmjs.org/load-esm/-/load-esm-1.0.3.tgz,sha512-v5xlu8eHD1+6r8EHTg6hfmO97LN8ugKtiXcy5e6oN72iD2r6u0RPfLl6fxM+7Wnh2ZRq15o0russMst44WauPA==
locate-path,6.0.0,MIT,node_modules/locate-path,True,False,ATTRIBUTION REQUIRED,"Retain exact upstream copyright and license; Apache NOTICE/modification notices, MPL file source, CC-BY attribution as applicable.",node_modules/locate-path/license,https://registry.npmjs.org/locate-path/-/locate-path-6.0.0.tgz,sha512-iPZK6eYjbxRu3uB4/WZ3EsEIMJFMqAoopl3R+zuq0UjcAm/MO6KCweDgPfP3elTztoKP3KtnVHxTn2NHBSDVUw==
lodash,4.18.1,MIT,node_modules/lodash,False,False,ATTRIBUTION REQUIRED,"Retain exact upstream copyright and license; Apache NOTICE/modification notices, MPL file source, CC-BY attribution as applicable.",node_modules/lodash/LICENSE,https://registry.npmjs.org/lodash/-/lodash-4.18.1.tgz,sha512-dMInicTPVE8d1e5otfwmmjlxkZoUpiVLwyeTdUsi/Caj/gfzzblBcCE5sRHV/AsjuCmxWrte2TNGSYuCeCq+0Q==
long,5.3.2,Apache-2.0,node_modules/long,False,False,ATTRIBUTION REQUIRED,"Retain exact upstream copyright and license; Apache NOTICE/modification notices, MPL file source, CC-BY attribution as applicable.",node_modules/long/LICENSE,https://registry.npmjs.org/long/-/long-5.3.2.tgz,sha512-mNAgZ1GmyNhD7AuqnTG3/VQ26o760+ZYBPKjPvugO8+nLbYfX6TVpJPseBvopbdY+qpZ/lKUnmEc1LeZYS3QAA==
lru-cache,11.5.3,BlueOak-1.0.0,node_modules/@asamuzakjp/css-color/node_modules/lru-cache,True,False,ATTRIBUTION REQUIRED,"Retain exact upstream copyright and license; Apache NOTICE/modification notices, MPL file source, CC-BY attribution as applicable.",node_modules/@asamuzakjp/css-color/node_modules/lru-cache/LICENSE.md,https://registry.npmjs.org/lru-cache/-/lru-cache-11.5.3.tgz,sha512-U4N8FgzmWxc8k1VH8Kr6lQg18U7Fjvby6wXHVRX/ZZ7IwWbRMgrRbP0Wrb5q5NVinryp4SQampHKdvtecItxUg==
lru-cache,11.5.3,BlueOak-1.0.0,node_modules/@asamuzakjp/dom-selector/node_modules/lru-cache,True,False,ATTRIBUTION REQUIRED,"Retain exact upstream copyright and license; Apache NOTICE/modification notices, MPL file source, CC-BY attribution as applicable.",node_modules/@asamuzakjp/dom-selector/node_modules/lru-cache/LICENSE.md,https://registry.npmjs.org/lru-cache/-/lru-cache-11.5.3.tgz,sha512-U4N8FgzmWxc8k1VH8Kr6lQg18U7Fjvby6wXHVRX/ZZ7IwWbRMgrRbP0Wrb5q5NVinryp4SQampHKdvtecItxUg==
lru-cache,11.5.3,BlueOak-1.0.0,node_modules/jsdom/node_modules/lru-cache,True,False,ATTRIBUTION REQUIRED,"Retain exact upstream copyright and license; Apache NOTICE/modification notices, MPL file source, CC-BY attribution as applicable.",node_modules/jsdom/node_modules/lru-cache/LICENSE.md,https://registry.npmjs.org/lru-cache/-/lru-cache-11.5.3.tgz,sha512-U4N8FgzmWxc8k1VH8Kr6lQg18U7Fjvby6wXHVRX/ZZ7IwWbRMgrRbP0Wrb5q5NVinryp4SQampHKdvtecItxUg==
lru-cache,5.1.1,ISC,node_modules/lru-cache,True,False,ATTRIBUTION REQUIRED,"Retain exact upstream copyright and license; Apache NOTICE/modification notices, MPL file source, CC-BY attribution as applicable.",node_modules/lru-cache/LICENSE,https://registry.npmjs.org/lru-cache/-/lru-cache-5.1.1.tgz,sha512-KpNARQA3Iwv+jTA0utUVVbrh+Jlrr1Fv0e56GGzAFOXN7dk/FviaDW8LHmK52DlcH4WP2n6gI8vN1aesBFgo9w==
lru.min,1.1.5,MIT,node_modules/lru.min,False,False,ATTRIBUTION REQUIRED,"Retain exact upstream copyright and license; Apache NOTICE/modification notices, MPL file source, CC-BY attribution as applicable.",node_modules/lru.min/LICENSE,https://registry.npmjs.org/lru.min/-/lru.min-1.1.5.tgz,sha512-5J9ysMYUpYIg9RF2vJpy9SinEmSviFSe0GyPpCQ4L5QSkLAgeLXlTAOu2ZwWUU5m+0SBl6gUU1R1ZQB3aKypfA==
lz-string,1.5.0,MIT,node_modules/lz-string,True,False,ATTRIBUTION REQUIRED,"Retain exact upstream copyright and license; Apache NOTICE/modification notices, MPL file source, CC-BY attribution as applicable.",node_modules/lz-string/LICENSE,https://registry.npmjs.org/lz-string/-/lz-string-1.5.0.tgz,sha512-h5bgJWpxJNswbU7qCrV0tIKQCaS3blPDrqKWx+QxzuzL1zGUzij9XCWLrSLsJPu5t+eWA/ycetzYAO5IOMcWAQ==
magic-string,1.4.2,MIT,node_modules/magic-string,True,False,ATTRIBUTION REQUIRED,"Retain exact upstream copyright and license; Apache NOTICE/modification notices, MPL file source, CC-BY attribution as applicable.",node_modules/magic-string/LICENSE,https://registry.npmjs.org/magic-string/-/magic-string-1.4.2.tgz,sha512-vG+rjFRj1PqdIBozIxAGMjPlOhaVe+GXpbttY/iSK7rGcJRMlwNJO7dcUwmUqkymsFLJiNGI06t4D7Fr7yRC9g==
math-intrinsics,1.1.0,MIT,node_modules/math-intrinsics,False,False,ATTRIBUTION REQUIRED,"Retain exact upstream copyright and license; Apache NOTICE/modification notices, MPL file source, CC-BY attribution as applicable.",node_modules/math-intrinsics/LICENSE,https://registry.npmjs.org/math-intrinsics/-/math-intrinsics-1.1.0.tgz,sha512-/IXtbwEk5HTPyEwyKX6hGkYXxM9nbj64B+ilVJnC/R6B0pH5G4V3b0pVbL7DBj4tkhBAppbQUlf6F6Xl9LHu1g==
mdn-data,2.27.1,CC0-1.0,node_modules/mdn-data,True,False,COMPATIBLE,Preserve upstream terms and disclaimers; no added ownership claim.,node_modules/mdn-data/LICENSE,https://registry.npmjs.org/mdn-data/-/mdn-data-2.27.1.tgz,sha512-9Yubnt3e8A0OKwxYSXyhLymGW4sCufcLG6VdiDdUGVkPhpqLxlvP5vl1983gQjJl3tqbrM731mjaZaP68AgosQ==
media-typer,1.1.1,MIT,node_modules/media-typer,False,False,ATTRIBUTION REQUIRED,"Retain exact upstream copyright and license; Apache NOTICE/modification notices, MPL file source, CC-BY attribution as applicable.",node_modules/media-typer/LICENSE,https://registry.npmjs.org/media-typer/-/media-typer-1.1.1.tgz,sha512-yz3xRaG20c6/BOzvYoDaGtPmGscs7YivItZEEqe6GbwNfHuxu9YNmvnEkMzKldAGY4/80pRcQRZSEnhquk9XuQ==
media-typer,0.3.0,MIT,node_modules/multer/node_modules/media-typer,False,False,ATTRIBUTION REQUIRED,"Retain exact upstream copyright and license; Apache NOTICE/modification notices, MPL file source, CC-BY attribution as applicable.",node_modules/multer/node_modules/media-typer/LICENSE,https://registry.npmjs.org/media-typer/-/media-typer-0.3.0.tgz,sha512-dq+qelQ9akHpcOl/gUVRTxVIOkAJ1wR3QAvb4RsVjS8oVoFjDGTc679wJYmUmknUF5HwMLOgb5O+a3KxfWapPQ==
merge-descriptors,2.0.0,MIT,node_modules/merge-descriptors,False,False,ATTRIBUTION REQUIRED,"Retain exact upstream copyright and license; Apache NOTICE/modification notices, MPL file source, CC-BY attribution as applicable.",node_modules/merge-descriptors/license,https://registry.npmjs.org/merge-descriptors/-/merge-descriptors-2.0.0.tgz,sha512-Snk314V5ayFLhp3fkUREub6WtjBfPdCPY1Ln8/8munuLuiYhsABgBVWsozAG+MWMbVEvcdcpbi9R7ww22l9Q3g==
mime-db,1.54.0,MIT,node_modules/mime-db,False,False,ATTRIBUTION REQUIRED,"Retain exact upstream copyright and license; Apache NOTICE/modification notices, MPL file source, CC-BY attribution as applicable.",node_modules/mime-db/LICENSE,https://registry.npmjs.org/mime-db/-/mime-db-1.54.0.tgz,sha512-aU5EJuIN2WDemCcAp2vFBfp/m4EAhWJnUNSSw0ixs7/kXbd6Pg64EmwJkNdFhB8aWt1sH2CTXrLxo/iAGV3oPQ==
mime-db,1.52.0,MIT,node_modules/multer/node_modules/mime-db,False,False,ATTRIBUTION REQUIRED,"Retain exact upstream copyright and license; Apache NOTICE/modification notices, MPL file source, CC-BY attribution as applicable.",node_modules/multer/node_modules/mime-db/LICENSE,https://registry.npmjs.org/mime-db/-/mime-db-1.52.0.tgz,sha512-sPU4uV7dYlvtWJxwwxHD0PuihVNiE7TyAbQ5SWxDCB9mUYvOgroQOwYQQOKPJ8CIbE+1ETVlOoK1UC2nU3gYvg==
mime-types,3.0.2,MIT,node_modules/mime-types,False,False,ATTRIBUTION REQUIRED,"Retain exact upstream copyright and license; Apache NOTICE/modification notices, MPL file source, CC-BY attribution as applicable.",node_modules/mime-types/LICENSE,https://registry.npmjs.org/mime-types/-/mime-types-3.0.2.tgz,sha512-Lbgzdk0h4juoQ9fCKXW4by0UJqj+nOOrI9MJ1sSj4nI8aI2eo1qmvQEie4VD1glsS250n15LsWsYtCugiStS5A==
mime-types,2.1.35,MIT,node_modules/multer/node_modules/mime-types,False,False,ATTRIBUTION REQUIRED,"Retain exact upstream copyright and license; Apache NOTICE/modification notices, MPL file source, CC-BY attribution as applicable.",node_modules/multer/node_modules/mime-types/LICENSE,https://registry.npmjs.org/mime-types/-/mime-types-2.1.35.tgz,sha512-ZDY+bPm5zTTF+YpCrAU9nK0UgICYPT0QtT1NZWFv4s++TNkcgVaT0g6+4R2uI4MjQjzysHB1zxuWL50hzaeXiw==
min-indent,1.0.1,MIT,node_modules/min-indent,True,False,ATTRIBUTION REQUIRED,"Retain exact upstream copyright and license; Apache NOTICE/modification notices, MPL file source, CC-BY attribution as applicable.",node_modules/min-indent/license,https://registry.npmjs.org/min-indent/-/min-indent-1.0.1.tgz,sha512-I9jwMn07Sy/IwOj3zVkVik2JTvgpaykDZEigL6Rx6N9LbMywwUSMtxET+7lVoDLLd3O3IXwJwvuuns8UB/HeAg==
minimatch,10.2.6,BlueOak-1.0.0,node_modules/minimatch,True,False,ATTRIBUTION REQUIRED,"Retain exact upstream copyright and license; Apache NOTICE/modification notices, MPL file source, CC-BY attribution as applicable.",node_modules/minimatch/LICENSE.md,https://registry.npmjs.org/minimatch/-/minimatch-10.2.6.tgz,sha512-vpLQEs+VLCr1nU0BXS07maYoFwlDAH0gngQuuttxIwutDFEMHq2blX+8vpgxDdK3J1PwjCJiep77OitTZ4Ll1A==
ms,2.1.3,MIT,node_modules/ms,False,False,ATTRIBUTION REQUIRED,"Retain exact upstream copyright and license; Apache NOTICE/modification notices, MPL file source, CC-BY attribution as applicable.",node_modules/ms/license.md,https://registry.npmjs.org/ms/-/ms-2.1.3.tgz,sha512-6FlzubTLZG3J2a/NVCAleEhjzq5oxgHyaCU9yYXvcLsvoVaHJq/s5xXI6/XXP6tz7R9xAOtHnSO/tXtF3WRTlA==
multer,2.4.0,MIT,node_modules/multer,False,False,ATTRIBUTION REQUIRED,"Retain exact upstream copyright and license; Apache NOTICE/modification notices, MPL file source, CC-BY attribution as applicable.",node_modules/multer/LICENSE,https://registry.npmjs.org/multer/-/multer-2.4.0.tgz,sha512-7dqa0ZcFfzbefdTuIkzOSMvZWC0J7FLqBOjJUZvDCXShIURWKxAyTT1wHhnE5q19c7jOJf43IYYKjBmZVZmvhg==
mysql2,3.24.4,MIT,node_modules/mysql2,False,False,ATTRIBUTION REQUIRED,"Retain exact upstream copyright and license; Apache NOTICE/modification notices, MPL file source, CC-BY attribution as applicable.",node_modules/mysql2/License,https://registry.npmjs.org/mysql2/-/mysql2-3.24.4.tgz,sha512-A2olluVlj0mvgyIRRISMEzXc51m+21mRtcMVjJyIpt2GG98+XrC9m9HzsqcMsX2LcnfccJvY5NB22g8fENBnOA==
named-placeholders,1.1.6,MIT,node_modules/named-placeholders,False,False,ATTRIBUTION REQUIRED,"Retain exact upstream copyright and license; Apache NOTICE/modification notices, MPL file source, CC-BY attribution as applicable.",node_modules/named-placeholders/LICENSE,https://registry.npmjs.org/named-placeholders/-/named-placeholders-1.1.6.tgz,sha512-Tz09sEL2EEuv5fFowm419c1+a/jSMiBjI9gHxVLrVdbUkkNUUfjsVYs9pVZu5oCon/kmRh9TfLEObFtkVxmY0w==
nanoid,3.3.19,MIT,node_modules/nanoid,True,False,ATTRIBUTION REQUIRED,"Retain exact upstream copyright and license; Apache NOTICE/modification notices, MPL file source, CC-BY attribution as applicable.",node_modules/nanoid/LICENSE,https://registry.npmjs.org/nanoid/-/nanoid-3.3.19.tgz,sha512-Y2tUNy4ouw6tq5oDSKeQYGOyhkUBhNOcGV/02KC+6kd9eDGqdZd++mjMiIDilrBYvjEnCYvVtsuHCuP+okSfug==
natural-compare,1.4.0,MIT,node_modules/natural-compare,True,False,ATTRIBUTION REQUIRED,"Retain exact upstream copyright and license; Apache NOTICE/modification notices, MPL file source, CC-BY attribution as applicable.",Lockfile metadata; optional platform package not installed on this host,https://registry.npmjs.org/natural-compare/-/natural-compare-1.4.0.tgz,sha512-OWND8ei3VtNC9h7V60qff3SVobHr996CTwgxubgyQYEpg290h9J0buyECNNJexkFm5sOajh5G116RYA1c8ZMSw==
negotiator,1.1.0,MIT,node_modules/negotiator,False,False,ATTRIBUTION REQUIRED,"Retain exact upstream copyright and license; Apache NOTICE/modification notices, MPL file source, CC-BY attribution as applicable.",node_modules/negotiator/LICENSE,https://registry.npmjs.org/negotiator/-/negotiator-1.1.0.tgz,sha512-NMPBRMJgiQHjbd8phG3Vebdx4kZ1H121rbl5IkMqeOsahptB9BKo/d7oJ3zTXqTgagn2bWlNSXkh0QUGM31RYg==
node-addon-api,8.9.2,MIT,node_modules/node-addon-api,False,False,ATTRIBUTION REQUIRED,"Retain exact upstream copyright and license; Apache NOTICE/modification notices, MPL file source, CC-BY attribution as applicable.",node_modules/node-addon-api/LICENSE.md,https://registry.npmjs.org/node-addon-api/-/node-addon-api-8.9.2.tgz,sha512-VijLXbi3UACN69I0JVXJsX4tjACjNoQDgv2gTF6sx2wWEi8tkSg2eX8p5gSIFi8z2+DL3oHmY6OyKce38SDolg==
node-gyp-build,4.8.4,MIT,node_modules/node-gyp-build,False,False,ATTRIBUTION REQUIRED,"Retain exact upstream copyright and license; Apache NOTICE/modification notices, MPL file source, CC-BY attribution as applicable.",node_modules/node-gyp-build/LICENSE,https://registry.npmjs.org/node-gyp-build/-/node-gyp-build-4.8.4.tgz,sha512-LA4ZjwlnUblHVgq0oBF3Jl/6h/Nvs5fzBLwdEF4nuxnFdsfajde4WfxtJr3CaiH+F6ewcIB/q4jQ4UzPyid+CQ==
node-releases,2.0.57,MIT,node_modules/node-releases,True,False,ATTRIBUTION REQUIRED,"Retain exact upstream copyright and license; Apache NOTICE/modification notices, MPL file source, CC-BY attribution as applicable.",node_modules/node-releases/LICENSE,https://registry.npmjs.org/node-releases/-/node-releases-2.0.57.tgz,sha512-kQK9LGGFiHtrWiNhZtA7Qbw17AQz+dmsEKODRIVTXA9+e5MS/2gZEBhYJt13GrAz5/IOZKddH/0Z3TP/Zgo+yw==
object-assign,4.1.1,MIT,node_modules/object-assign,False,False,ATTRIBUTION REQUIRED,"Retain exact upstream copyright and license; Apache NOTICE/modification notices, MPL file source, CC-BY attribution as applicable.",node_modules/object-assign/license,https://registry.npmjs.org/object-assign/-/object-assign-4.1.1.tgz,sha512-rJgTQnkUnH1sFw8yT6VSU3zD3sWmu6sZhIseY8VX+GRu3P6F7Fu+JNDoXfklElbLJSnc3FUQHVe4cU5hj+BcUg==
object-inspect,1.13.4,MIT,node_modules/object-inspect,False,False,ATTRIBUTION REQUIRED,"Retain exact upstream copyright and license; Apache NOTICE/modification notices, MPL file source, CC-BY attribution as applicable.",node_modules/object-inspect/LICENSE,https://registry.npmjs.org/object-inspect/-/object-inspect-1.13.4.tgz,sha512-W67iLl4J2EXEGTbfeHCffrjDfitvLANg0UlX3wFUUSTx92KXRFegMHUVgSqE+wvhAbi4WqjGg9czysTV2Epbew==
obug,2.2.1,MIT,node_modules/obug,True,False,ATTRIBUTION REQUIRED,"Retain exact upstream copyright and license; Apache NOTICE/modification notices, MPL file source, CC-BY attribution as applicable.",node_modules/obug/LICENSE,https://registry.npmjs.org/obug/-/obug-2.2.1.tgz,sha512-XrsrhT5sybtKI6wakr2SPOlGZWWYbUXZ7a0jT8/QOeAPau+1X/bSegNe5YR75oJmEZQbKningirmGOEJCIk61Q==
ohash,2.0.12,MIT,node_modules/ohash,False,False,ATTRIBUTION REQUIRED,"Retain exact upstream copyright and license; Apache NOTICE/modification notices, MPL file source, CC-BY attribution as applicable.",node_modules/ohash/LICENSE,https://registry.npmjs.org/ohash/-/ohash-2.0.12.tgz,sha512-65S/5gk9YSsaRjcyf7Nfa6h/d3E8/1gslpXfI4W7Dxn/oap8IKRuNT5VXkLQ1YFKIEg4apRY4Pj6aiwFzrDdmw==
on-finished,2.4.1,MIT,node_modules/on-finished,False,False,ATTRIBUTION REQUIRED,"Retain exact upstream copyright and license; Apache NOTICE/modification notices, MPL file source, CC-BY attribution as applicable.",node_modules/on-finished/LICENSE,https://registry.npmjs.org/on-finished/-/on-finished-2.4.1.tgz,sha512-oVlzkg3ENAhCk2zdv7IJwd/QUD4z2RxRwpkcGY8psCVcCYZNq4wYnVWALHM+brtuJjePWiYF/ClmuDr8Ch5+kg==
once,1.4.0,ISC,node_modules/once,False,False,ATTRIBUTION REQUIRED,"Retain exact upstream copyright and license; Apache NOTICE/modification notices, MPL file source, CC-BY attribution as applicable.",node_modules/once/LICENSE,https://registry.npmjs.org/once/-/once-1.4.0.tgz,sha512-lNaJgI+2Q5URQBkccEKHTQOPaXdUxnZZElQTZY0MFUAuaEqe1E+Nyvgdz/aIyNi6Z9MzO5dv1H8n58/GELp3+w==
optionator,0.9.4,MIT,node_modules/optionator,True,False,ATTRIBUTION REQUIRED,"Retain exact upstream copyright and license; Apache NOTICE/modification notices, MPL file source, CC-BY attribution as applicable.",node_modules/optionator/LICENSE,https://registry.npmjs.org/optionator/-/optionator-0.9.4.tgz,sha512-6IpQ7mKUxRcZNLIObR0hz7lxsapSSIYNZJwXPGeF0mTVqGKFIXj1DQcMoT22S3ROcLyY/rz0PWaWZ9ayWmad9g==
p-limit,3.1.0,MIT,node_modules/p-limit,True,False,ATTRIBUTION REQUIRED,"Retain exact upstream copyright and license; Apache NOTICE/modification notices, MPL file source, CC-BY attribution as applicable.",node_modules/p-limit/license,https://registry.npmjs.org/p-limit/-/p-limit-3.1.0.tgz,sha512-TYOanM3wGwNGsZN2cVTYPArw454xnXj5qmWF1bEoAc4+cU/ol7GVh7odevjp1FNHduHc3KZMcFduxU5Xc6uJRQ==
p-locate,5.0.0,MIT,node_modules/p-locate,True,False,ATTRIBUTION REQUIRED,"Retain exact upstream copyright and license; Apache NOTICE/modification notices, MPL file source, CC-BY attribution as applicable.",node_modules/p-locate/license,https://registry.npmjs.org/p-locate/-/p-locate-5.0.0.tgz,sha512-LaNjtRWUBY++zB5nE/NwcaoMylSPk+S+ZHNB1TzdbMJMny6dynpAGt7X/tl/QYq3TIeE6nxHppbo2LGymrG5Pw==
pako,1.0.11,(MIT AND Zlib),node_modules/pako,False,False,ATTRIBUTION REQUIRED,"Retain exact upstream copyright and license; Apache NOTICE/modification notices, MPL file source, CC-BY attribution as applicable.",node_modules/pako/LICENSE,https://registry.npmjs.org/pako/-/pako-1.0.11.tgz,sha512-4hLB8Py4zZce5s4yd9XzopqwVv/yGNhV1Bl8NTmCq1763HeK2+EwVTv+leGeL13Dnh2wfbqowVPXCIO0z4taYw==
parse5,8.0.1,MIT,node_modules/parse5,True,False,ATTRIBUTION REQUIRED,"Retain exact upstream copyright and license; Apache NOTICE/modification notices, MPL file source, CC-BY attribution as applicable.",node_modules/parse5/LICENSE,https://registry.npmjs.org/parse5/-/parse5-8.0.1.tgz,sha512-z1e/HMG90obSGeidlli3hj7cbocou0/wa5HacvI3ASx34PecNjNQeaHNo5WIZpWofN9kgkqV1q5YvXe3F0FoPw==
parseurl,1.3.3,MIT,node_modules/parseurl,False,False,ATTRIBUTION REQUIRED,"Retain exact upstream copyright and license; Apache NOTICE/modification notices, MPL file source, CC-BY attribution as applicable.",node_modules/parseurl/LICENSE,https://registry.npmjs.org/parseurl/-/parseurl-1.3.3.tgz,sha512-CiyeOxFT/JZyN5m0z9PfXw4SCBJ6Sygz1Dpl0wqjlhDEGGBP1GnsUVEL0p63hoG1fcj3fHynXi9NYO4nWOL+qQ==
path-exists,4.0.0,MIT,node_modules/path-exists,True,False,ATTRIBUTION REQUIRED,"Retain exact upstream copyright and license; Apache NOTICE/modification notices, MPL file source, CC-BY attribution as applicable.",node_modules/path-exists/license,https://registry.npmjs.org/path-exists/-/path-exists-4.0.0.tgz,sha512-ak9Qy5Q7jYb2Wwcey5Fpvg2KoAc/ZIhLSLOSBmRmygPsGwkVVt0fZa0qrtMz+m6tJTAHfZQ8FnmB4MG4LWy7/w==
path-expression-matcher,1.6.2,MIT,node_modules/path-expression-matcher,False,False,ATTRIBUTION REQUIRED,"Retain exact upstream copyright and license; Apache NOTICE/modification notices, MPL file source, CC-BY attribution as applicable.",node_modules/path-expression-matcher/LICENSE,https://registry.npmjs.org/path-expression-matcher/-/path-expression-matcher-1.6.2.tgz,sha512-enSlaiat05iasnzmgNxRj8reFdj3puY2QpNgP1aPIaVfT6nn9ICuPoFlKHk8EN22HcwewshO+mN2DGbkCEOtqQ==
path-key,3.1.1,MIT,node_modules/path-key,False,False,ATTRIBUTION REQUIRED,"Retain exact upstream copyright and license; Apache NOTICE/modification notices, MPL file source, CC-BY attribution as applicable.",node_modules/path-key/license,https://registry.npmjs.org/path-key/-/path-key-3.1.1.tgz,sha512-ojmeN0qd+y0jszEtoY48r0Peq5dwMEkIlCOu6Q5f41lfkswXuKtYrhgoTpLnyIcHm24Uhqx+5Tqm2InSwLhE6Q==
path-to-regexp,8.4.2,MIT,node_modules/path-to-regexp,False,False,ATTRIBUTION REQUIRED,"Retain exact upstream copyright and license; Apache NOTICE/modification notices, MPL file source, CC-BY attribution as applicable.",node_modules/path-to-regexp/LICENSE,https://registry.npmjs.org/path-to-regexp/-/path-to-regexp-8.4.2.tgz,sha512-qRcuIdP69NPm4qbACK+aDogI5CBDMi1jKe0ry5rSQJz8JVLsC7jV8XpiJjGRLLol3N+R5ihGYcrPLTno6pAdBA==
pathe,2.0.3,MIT,node_modules/pathe,False,False,ATTRIBUTION REQUIRED,"Retain exact upstream copyright and license; Apache NOTICE/modification notices, MPL file source, CC-BY attribution as applicable.",node_modules/pathe/LICENSE,https://registry.npmjs.org/pathe/-/pathe-2.0.3.tgz,sha512-WUjGcAqP1gQacoQe+OBJsFA7Ld4DyXuUIjZ5cc75cLHvJ7dtNsTugphxIADwspS+AraAUePCKrSVtPLFj/F88w==
pdf-lib,1.17.1,MIT,node_modules/pdf-lib,False,False,ATTRIBUTION REQUIRED,"Retain exact upstream copyright and license; Apache NOTICE/modification notices, MPL file source, CC-BY attribution as applicable.",node_modules/pdf-lib/LICENSE.md,https://registry.npmjs.org/pdf-lib/-/pdf-lib-1.17.1.tgz,sha512-V/mpyJAoTsN4cnP31vc0wfNA1+p20evqqnap0KLoRUN0Yk/p3wN52DOEsL4oBFcLdb76hlpKPtzJIgo67j/XLw==
pend,1.2.0,MIT,node_modules/pend,False,False,ATTRIBUTION REQUIRED,"Retain exact upstream copyright and license; Apache NOTICE/modification notices, MPL file source, CC-BY attribution as applicable.",node_modules/pend/LICENSE,https://registry.npmjs.org/pend/-/pend-1.2.0.tgz,sha512-F3asv42UuXchdzt+xXqfW1OGlVBe+mxa2mqI0pg5yAHZPvFmY3Y6drSf/GQ1A86WgWEN9Kzh/WrgKa6iGcHXLg==
perfect-debounce,2.1.0,MIT,node_modules/perfect-debounce,False,False,ATTRIBUTION REQUIRED,"Retain exact upstream copyright and license; Apache NOTICE/modification notices, MPL file source, CC-BY attribution as applicable.",node_modules/perfect-debounce/LICENSE,https://registry.npmjs.org/perfect-debounce/-/perfect-debounce-2.1.0.tgz,sha512-LjgdTytVFXeUgtHZr9WYViYSM/g8MkcTPYDlPa3cDqMirHjKiSZPYd6DoL7pK8AJQr+uWkQvCjHNdiMqsrJs+g==
pg,8.23.0,MIT,node_modules/pg,False,False,ATTRIBUTION REQUIRED,"Retain exact upstream copyright and license; Apache NOTICE/modification notices, MPL file source, CC-BY attribution as applicable.",node_modules/pg/LICENSE,https://registry.npmjs.org/pg/-/pg-8.23.0.tgz,sha512-Ip2EQCngowJLGOfCwkFhPXU7/ljlhn6Rxlmy4XYfL2Y+vyRM59+8uR2xqRWKdYmbXmxCFOAmKxBuSUCdF34qLg==
pg-cloudflare,1.4.0,MIT,node_modules/pg-cloudflare,False,True,ATTRIBUTION REQUIRED,"Retain exact upstream copyright and license; Apache NOTICE/modification notices, MPL file source, CC-BY attribution as applicable.",node_modules/pg-cloudflare/LICENSE,https://registry.npmjs.org/pg-cloudflare/-/pg-cloudflare-1.4.0.tgz,sha512-Vo7z/6rrQYxpNRylp4Tlob2elzbh+N/MOQbxFVWCxS7oEx6jF53GTJFxK2WWpKuBRkmiin4Mt+xofFDjx09R0A==
pg-connection-string,2.14.0,MIT,node_modules/pg-connection-string,False,False,ATTRIBUTION REQUIRED,"Retain exact upstream copyright and license; Apache NOTICE/modification notices, MPL file source, CC-BY attribution as applicable.",node_modules/pg-connection-string/LICENSE,https://registry.npmjs.org/pg-connection-string/-/pg-connection-string-2.14.0.tgz,sha512-XwWDGcLRGCXAR8F/AM5bG7Q+A3Wm2s6QeEjlOKZLlH3UYcguiqCWKyWXVag5TLTIjR7oOJUY8kcADaZgWPyLeg==
pg-int8,1.0.1,ISC,node_modules/pg-int8,False,False,ATTRIBUTION REQUIRED,"Retain exact upstream copyright and license; Apache NOTICE/modification notices, MPL file source, CC-BY attribution as applicable.",node_modules/pg-int8/LICENSE,https://registry.npmjs.org/pg-int8/-/pg-int8-1.0.1.tgz,sha512-WCtabS6t3c8SkpDBUlb1kjOs7l66xsGdKpIPZsg4wR+B3+u9UAum2odSsF9tnvxg80h4ZxLWMy4pRjOsFIqQpw==
pg-pool,3.14.0,MIT,node_modules/pg-pool,False,False,ATTRIBUTION REQUIRED,"Retain exact upstream copyright and license; Apache NOTICE/modification notices, MPL file source, CC-BY attribution as applicable.",node_modules/pg-pool/LICENSE,https://registry.npmjs.org/pg-pool/-/pg-pool-3.14.0.tgz,sha512-gKtPkFdQPU3DksooVLi9LsjZxrsBUZIpa+7aVx+LV5pNh0KzP4Zleud2po+ConrxbuXGBJ6Hfer6hdgpIBpBaw==
pg-protocol,1.16.0,MIT,node_modules/pg-protocol,False,False,ATTRIBUTION REQUIRED,"Retain exact upstream copyright and license; Apache NOTICE/modification notices, MPL file source, CC-BY attribution as applicable.",node_modules/pg-protocol/LICENSE,https://registry.npmjs.org/pg-protocol/-/pg-protocol-1.16.0.tgz,sha512-sILXutLVjCLjcDuOmvhX5e2Z4cS5qG/6Bu3VkpFwdf/633ElGLpEh9bgmuI5I4sqKqkifQiGyiCcx1HdtrK7tg==
pg-types,2.2.0,MIT,node_modules/pg-types,False,False,ATTRIBUTION REQUIRED,"Retain exact upstream copyright and license; Apache NOTICE/modification notices, MPL file source, CC-BY attribution as applicable.",Lockfile metadata; optional platform package not installed on this host,https://registry.npmjs.org/pg-types/-/pg-types-2.2.0.tgz,sha512-qTAAlrEsl8s4OiEQY69wDvcMIdQN6wdz5ojQiOy6YRMuynxenON0O5oCpJI6lshc6scgAY8qvJ2On/p+CXY0GA==
pgpass,1.0.5,MIT,node_modules/pgpass,False,False,ATTRIBUTION REQUIRED,"Retain exact upstream copyright and license; Apache NOTICE/modification notices, MPL file source, CC-BY attribution as applicable.",Lockfile metadata; optional platform package not installed on this host,https://registry.npmjs.org/pgpass/-/pgpass-1.0.5.tgz,sha512-FdW9r/jQZhSeohs1Z3sI1yxFQNFvMcnmfuj4WBMUTxOrAyLMaTcE1aAMBiTlbMNaXvBCQuVi0R7hd8udDSP7ug==
picocolors,1.1.1,ISC,node_modules/picocolors,True,False,ATTRIBUTION REQUIRED,"Retain exact upstream copyright and license; Apache NOTICE/modification notices, MPL file source, CC-BY attribution as applicable.",node_modules/picocolors/LICENSE,https://registry.npmjs.org/picocolors/-/picocolors-1.1.1.tgz,sha512-xceH2snhtb5M9liqDsmEw56le376mTZkEX/jEb/RxNFyegNul7eNslCXP9FDj/Lcu0X8KEyMceP2ntpaHrDEVA==
picomatch,4.0.7,MIT,node_modules/picomatch,True,False,ATTRIBUTION REQUIRED,"Retain exact upstream copyright and license; Apache NOTICE/modification notices, MPL file source, CC-BY attribution as applicable.",node_modules/picomatch/LICENSE,https://registry.npmjs.org/picomatch/-/picomatch-4.0.7.tgz,sha512-qcJu88Q2IWqJsDD529JKMdwGm/dvInW4HvQnRwiH9JtihJvzGOscDtHE3x1pBKeUOTysQ8kVmLnJ2kJu7yhcGA==
pkg-types,2.3.3,MIT,node_modules/pkg-types,False,False,ATTRIBUTION REQUIRED,"Retain exact upstream copyright and license; Apache NOTICE/modification notices, MPL file source, CC-BY attribution as applicable.",node_modules/pkg-types/LICENSE,https://registry.npmjs.org/pkg-types/-/pkg-types-2.3.3.tgz,sha512-j/lCFdcppV0JxWpCEITdbDltBxPP6cHT+yNJ6Go2OgoSA9518X847X9z0p6LtA4Nc16+eQzCZjRrWanTGvHJ5w==
playwright,1.63.0,Apache-2.0,node_modules/playwright,True,False,ATTRIBUTION REQUIRED,"Retain exact upstream copyright and license; Apache NOTICE/modification notices, MPL file source, CC-BY attribution as applicable.",node_modules/playwright/LICENSE;node_modules/playwright/NOTICE,https://registry.npmjs.org/playwright/-/playwright-1.63.0.tgz,sha512-+7ziBLidS4NaNCdt57SUDT+wYmmd5fmiQejUic/kb+YsYSCPyOOE9sebzMjNmQrsnNpDJqd4WHvV/8lfKfUDUg==
playwright-core,1.63.0,Apache-2.0,node_modules/playwright-core,True,False,ATTRIBUTION REQUIRED,"Retain exact upstream copyright and license; Apache NOTICE/modification notices, MPL file source, CC-BY attribution as applicable.",node_modules/playwright-core/LICENSE;node_modules/playwright-core/NOTICE,https://registry.npmjs.org/playwright-core/-/playwright-core-1.63.0.tgz,sha512-rYCsBF/M5HjUch52bbtVONEFjv6Xu8sm8h72dNlR5bzIE1fvC/bxgspzkjSfU+MweEMmPM8KJebG6nnyxo5mCg==
postcss,8.5.28,MIT,node_modules/postcss,True,False,ATTRIBUTION REQUIRED,"Retain exact upstream copyright and license; Apache NOTICE/modification notices, MPL file source, CC-BY attribution as applicable.",node_modules/postcss/LICENSE,https://registry.npmjs.org/postcss/-/postcss-8.5.28.tgz,sha512-RRuzqDtt5Y9h3quz5hWhK+TPnsmVs6WwSU6LkJMeY4HstUEDuYTG8UJSdawMRzmzAtV+KEoG8N3Qg2qLy5vM/A==
postgres,3.4.7,Unlicense,node_modules/postgres,False,False,COMPATIBLE,Preserve upstream terms and disclaimers; no added ownership claim.,Lockfile metadata; optional platform package not installed on this host,https://registry.npmjs.org/postgres/-/postgres-3.4.7.tgz,sha512-Jtc2612XINuBjIl/QTWsV5UvE8UHuNblcO3vVADSrKsrc6RqGX6lOW1cEo3CM2v0XG4Nat8nI+YM7/f26VxXLw==
postgres-array,2.0.0,MIT,node_modules/pg-types/node_modules/postgres-array,False,False,ATTRIBUTION REQUIRED,"Retain exact upstream copyright and license; Apache NOTICE/modification notices, MPL file source, CC-BY attribution as applicable.",node_modules/pg-types/node_modules/postgres-array/license,https://registry.npmjs.org/postgres-array/-/postgres-array-2.0.0.tgz,sha512-VpZrUqU5A69eQyW2c5CA1jtLecCsN2U/bD6VilrFDWq5+5UIEVO7nazS3TEcHf1zuPYO/sqGvUvW62g86RXZuA==
postgres-array,3.0.4,MIT,node_modules/postgres-array,False,False,ATTRIBUTION REQUIRED,"Retain exact upstream copyright and license; Apache NOTICE/modification notices, MPL file source, CC-BY attribution as applicable.",node_modules/postgres-array/license,https://registry.npmjs.org/postgres-array/-/postgres-array-3.0.4.tgz,sha512-nAUSGfSDGOaOAEGwqsRY27GPOea7CNipJPOA7lPbdEpx5Kg3qzdP0AaWC5MlhTWV9s4hFX39nomVZ+C4tnGOJQ==
postgres-bytea,1.0.1,MIT,node_modules/postgres-bytea,False,False,ATTRIBUTION REQUIRED,"Retain exact upstream copyright and license; Apache NOTICE/modification notices, MPL file source, CC-BY attribution as applicable.",node_modules/postgres-bytea/license,https://registry.npmjs.org/postgres-bytea/-/postgres-bytea-1.0.1.tgz,sha512-5+5HqXnsZPE65IJZSMkZtURARZelel2oXUEO8rH83VS/hxH5vv1uHquPg5wZs8yMAfdv971IU+kcPUczi7NVBQ==
postgres-date,1.0.7,MIT,node_modules/postgres-date,False,False,ATTRIBUTION REQUIRED,"Retain exact upstream copyright and license; Apache NOTICE/modification notices, MPL file source, CC-BY attribution as applicable.",node_modules/postgres-date/license,https://registry.npmjs.org/postgres-date/-/postgres-date-1.0.7.tgz,sha512-suDmjLVQg78nMK2UZ454hAG+OAW+HQPZ6n++TNDUX+L0+uUlLywnoxJKDou51Zm+zTCjrCl0Nq6J9C5hP9vK/Q==
postgres-interval,1.2.0,MIT,node_modules/postgres-interval,False,False,ATTRIBUTION REQUIRED,"Retain exact upstream copyright and license; Apache NOTICE/modification notices, MPL file source, CC-BY attribution as applicable.",node_modules/postgres-interval/license,https://registry.npmjs.org/postgres-interval/-/postgres-interval-1.2.0.tgz,sha512-9ZhXKM/rw350N1ovuWHbGxnGh/SNJ4cnxHiM0rxE4VN41wsg8P8zWn9hv/buK00RP4WvlOyr/RBDiptyxVbkZQ==
prelude-ls,1.2.1,MIT,node_modules/prelude-ls,True,False,ATTRIBUTION REQUIRED,"Retain exact upstream copyright and license; Apache NOTICE/modification notices, MPL file source, CC-BY attribution as applicable.",node_modules/prelude-ls/LICENSE,https://registry.npmjs.org/prelude-ls/-/prelude-ls-1.2.1.tgz,sha512-vkcDPrRZo1QZLbn5RLGPpg/WmIQ65qoWWhcGKf/b5eplkkarX0m9z8ppCat4mlOqUsWpyNuYgO3VRyrYHSzX5g==
prettier,3.9.9,MIT,node_modules/prettier,True,False,ATTRIBUTION REQUIRED,"Retain exact upstream copyright and license; Apache NOTICE/modification notices, MPL file source, CC-BY attribution as applicable.",node_modules/prettier/LICENSE,https://registry.npmjs.org/prettier/-/prettier-3.9.9.tgz,sha512-Z/CJHIkdujO/OtN7nXUii0Rf3VT5SRuhjBA82Xvu2XhBUgX3nhP67T0LHceBdQLex7OOFGTox+Q5Yg8Jk2Qivg==
pretty-format,27.5.1,MIT,node_modules/pretty-format,True,False,ATTRIBUTION REQUIRED,"Retain exact upstream copyright and license; Apache NOTICE/modification notices, MPL file source, CC-BY attribution as applicable.",node_modules/pretty-format/LICENSE,https://registry.npmjs.org/pretty-format/-/pretty-format-27.5.1.tgz,sha512-Qb1gy5OrP5+zDf2Bvnzdl3jsTf1qXVMazbvCoKhtKqVs4/YK4ozX4gKQJJVyNe+cajNPn0KoC0MC3FUmaHWEmQ==
prisma,7.10.0,Apache-2.0,node_modules/prisma,False,False,ATTRIBUTION REQUIRED,"Retain exact upstream copyright and license; Apache NOTICE/modification notices, MPL file source, CC-BY attribution as applicable.",node_modules/prisma/LICENSE,https://registry.npmjs.org/prisma/-/prisma-7.10.0.tgz,sha512-o0ornyJOWgygVAzGCpr8PdXV8EJLHyVGDDUr/voBQt8Azzw8cYTByzzPGcA/m4tCkPcnJA8raEOv2CslsKhPEw==
proper-lockfile,4.1.2,MIT,node_modules/proper-lockfile,False,False,ATTRIBUTION REQUIRED,"Retain exact upstream copyright and license; Apache NOTICE/modification notices, MPL file source, CC-BY attribution as applicable.",node_modules/proper-lockfile/LICENSE,https://registry.npmjs.org/proper-lockfile/-/proper-lockfile-4.1.2.tgz,sha512-TjNPblN4BwAWMXU8s9AEz4JmQxnD1NNL7bNOY/AKUzyamc379FWASUhc/K1pL2noVb+XmZKLL68cjzLsiOAMaA==
proxy-addr,2.0.8,MIT,node_modules/proxy-addr,False,False,ATTRIBUTION REQUIRED,"Retain exact upstream copyright and license; Apache NOTICE/modification notices, MPL file source, CC-BY attribution as applicable.",node_modules/proxy-addr/LICENSE,https://registry.npmjs.org/proxy-addr/-/proxy-addr-2.0.8.tgz,sha512-5nnx0yGyVUcY6t9RnWcARWtwT9F1D8O9rt08htPvnd49W1IgZtmLkhu9WfMzQj1cFxjHIO6connUNVW5k7AVyQ==
punycode,2.3.1,MIT,node_modules/punycode,False,False,ATTRIBUTION REQUIRED,"Retain exact upstream copyright and license; Apache NOTICE/modification notices, MPL file source, CC-BY attribution as applicable.",node_modules/punycode/LICENSE-MIT.txt,https://registry.npmjs.org/punycode/-/punycode-2.3.1.tgz,sha512-vYt7UD1U9Wg6138shLtLOvdAu+8DsC/ilFtEVHcH+wydcSpNE20AfSOduf6MkRFahL5FY7X1oU7nKVZFtfq8Fg==
pure-rand,6.1.0,MIT,node_modules/pure-rand,False,False,ATTRIBUTION REQUIRED,"Retain exact upstream copyright and license; Apache NOTICE/modification notices, MPL file source, CC-BY attribution as applicable.",node_modules/pure-rand/LICENSE,https://registry.npmjs.org/pure-rand/-/pure-rand-6.1.0.tgz,sha512-bVWawvoZoBYpp6yIoQtQXHZjmz35RSVHnUOTefl8Vcjr8snTPY1wnpSPMWekcFwbxI6gtmT7rSYPFvz71ldiOA==
qified,0.10.1,MIT,node_modules/qified,True,False,ATTRIBUTION REQUIRED,"Retain exact upstream copyright and license; Apache NOTICE/modification notices, MPL file source, CC-BY attribution as applicable.",node_modules/qified/LICENSE,https://registry.npmjs.org/qified/-/qified-0.10.1.tgz,sha512-+Owyggi9IxT1ePKGafcI87ubSmxol6smwJ+RAHDQlx9+9cPwFWDiKFFCPuWhr9ignlGpZ9vDQLw67N4dcTVFEA==
qs,6.16.0,BSD-3-Clause,node_modules/qs,False,False,ATTRIBUTION REQUIRED,"Retain exact upstream copyright and license; Apache NOTICE/modification notices, MPL file source, CC-BY attribution as applicable.",node_modules/qs/LICENSE.md,https://registry.npmjs.org/qs/-/qs-6.16.0.tgz,sha512-h6fhOIaRrID2CbEY2fqs+7t+UXZo+MLAnU5gRIq85uFtdiUPCdsApMlHhXogKVM4HM2DVbIjGNTTYH2OcmP1vA==
range-parser,1.3.0,MIT,node_modules/range-parser,False,False,ATTRIBUTION REQUIRED,"Retain exact upstream copyright and license; Apache NOTICE/modification notices, MPL file source, CC-BY attribution as applicable.",node_modules/range-parser/LICENSE,https://registry.npmjs.org/range-parser/-/range-parser-1.3.0.tgz,sha512-hek2mFQpPuI4E1BBKrSto+BU3e3x4xuarsbiwr3+lf7p44juvFMV0XFWQAP3xUyqXA4RrXLIoaSUGbSt056ZMw==
raw-body,3.0.2,MIT,node_modules/raw-body,False,False,ATTRIBUTION REQUIRED,"Retain exact upstream copyright and license; Apache NOTICE/modification notices, MPL file source, CC-BY attribution as applicable.",node_modules/raw-body/LICENSE,https://registry.npmjs.org/raw-body/-/raw-body-3.0.2.tgz,sha512-K5zQjDllxWkf7Z5xJdV0/B0WTNqx6vxG70zJE4N0kBs4LovmEYWJzQGxC9bS9RAKu3bgM40lrd5zoLJ12MQ5BA==
rc9,3.1.0,MIT,node_modules/rc9,False,False,ATTRIBUTION REQUIRED,"Retain exact upstream copyright and license; Apache NOTICE/modification notices, MPL file source, CC-BY attribution as applicable.",node_modules/rc9/LICENSE,https://registry.npmjs.org/rc9/-/rc9-3.1.0.tgz,sha512-ufjkNVzbRHKcCOmTahZkmVsyc3W+MSk3jY03m+a7tGHkIsdVMG9l10/3HvFbWkkKzY5VFp3pkRsIo/UYgmFL7Q==
react,19.3.0,MIT,node_modules/react,False,False,ATTRIBUTION REQUIRED,"Retain exact upstream copyright and license; Apache NOTICE/modification notices, MPL file source, CC-BY attribution as applicable.",node_modules/react/LICENSE,https://registry.npmjs.org/react/-/react-19.3.0.tgz,sha512-E8LUcbtBWt20bbl2YoHfx4ZDBdxVTfOKtCZn9cDSJ4l6/nuoApcpIBcj47t2wZoVX8g2ZHuMHbiShgCR1T5Sog==
react-dom,19.3.0,MIT,node_modules/react-dom,False,False,ATTRIBUTION REQUIRED,"Retain exact upstream copyright and license; Apache NOTICE/modification notices, MPL file source, CC-BY attribution as applicable.",node_modules/react-dom/LICENSE,https://registry.npmjs.org/react-dom/-/react-dom-19.3.0.tgz,sha512-JDk8dgif51OjFoDE70+OT9ICyYr+69HlmihNwp1+Nsfbna3t5sIiCa9ZJktDmQ4/1b/rn26hIAR2uYXDMr5r0Q==
react-hook-form,7.89.0,MIT,node_modules/react-hook-form,False,False,ATTRIBUTION REQUIRED,"Retain exact upstream copyright and license; Apache NOTICE/modification notices, MPL file source, CC-BY attribution as applicable.",node_modules/react-hook-form/LICENSE,https://registry.npmjs.org/react-hook-form/-/react-hook-form-7.89.0.tgz,sha512-vKcoCfy8RKZDrhSdqsRFp0uEOdS1AhLjOL6hR7Wmfzg1akNxEhaPf5WORx8SgEQPVXakdDyDkqQp+KNxVnnPHg==
react-is,17.0.2,MIT,node_modules/react-is,True,False,ATTRIBUTION REQUIRED,"Retain exact upstream copyright and license; Apache NOTICE/modification notices, MPL file source, CC-BY attribution as applicable.",node_modules/react-is/LICENSE,https://registry.npmjs.org/react-is/-/react-is-17.0.2.tgz,sha512-w2GsyukL62IJnlaff/nRegPQR94C/XXamvMWmSHRJ4y7Ts/4ocGRmTHvOs8PSE6pB3dWOrD/nueuU5sduBsQ4w==
react-router,7.18.4,MIT,node_modules/react-router,False,False,ATTRIBUTION REQUIRED,"Retain exact upstream copyright and license; Apache NOTICE/modification notices, MPL file source, CC-BY attribution as applicable.",node_modules/react-router/LICENSE.md,https://registry.npmjs.org/react-router/-/react-router-7.18.4.tgz,sha512-PUPQcMhMGRAslLcvtlPz/kmzBEWPhLdgLFrL7pLNepBL6dX0lWj4WD2cUYVgYCuT3jxvghYFg81cDTj44DhetQ==
react-router-dom,7.18.4,MIT,node_modules/react-router-dom,False,False,ATTRIBUTION REQUIRED,"Retain exact upstream copyright and license; Apache NOTICE/modification notices, MPL file source, CC-BY attribution as applicable.",node_modules/react-router-dom/LICENSE.md,https://registry.npmjs.org/react-router-dom/-/react-router-dom-7.18.4.tgz,sha512-yrfmJHIpDG7taCpqKjT1G5B6q3O2K+RN8/fgNf0lTjCwiPbQ0ei6vXX9ZjQR+7ld8Tr7Z5xmyMnZ8YJrphWQUw==
readdirp,5.1.1,MIT,node_modules/readdirp,False,False,ATTRIBUTION REQUIRED,"Retain exact upstream copyright and license; Apache NOTICE/modification notices, MPL file source, CC-BY attribution as applicable.",node_modules/readdirp/LICENSE,https://registry.npmjs.org/readdirp/-/readdirp-5.1.1.tgz,sha512-Kko+Y5XQ6fM+Ce3dq3m9YGxnacYZYl9cA1wZjaF3Vbry2L3i1qVg8+CAgNPsXRArPMUMCaOR7oa9Nqntc43JKA==
redent,3.0.0,MIT,node_modules/redent,True,False,ATTRIBUTION REQUIRED,"Retain exact upstream copyright and license; Apache NOTICE/modification notices, MPL file source, CC-BY attribution as applicable.",node_modules/redent/license,https://registry.npmjs.org/redent/-/redent-3.0.0.tgz,sha512-6tDA8g98We0zd0GvVeMT9arEOnTw9qM03L9cJXaCjrip1OO764RDBLBfrB4cwzNGDj5OA5ioymC9GkizgWJDUg==
reflect-metadata,0.2.2,Apache-2.0,node_modules/reflect-metadata,False,False,ATTRIBUTION REQUIRED,"Retain exact upstream copyright and license; Apache NOTICE/modification notices, MPL file source, CC-BY attribution as applicable.",node_modules/reflect-metadata/LICENSE,https://registry.npmjs.org/reflect-metadata/-/reflect-metadata-0.2.2.tgz,sha512-urBwgfrvVP/eAyXx4hluJivBKzuEbSQs9rKWCrCkbSxNv8mxPcUZKeuoF3Uy4mJl3Lwprp6yy5/39VWigZ4K6Q==
remeda,2.33.4,MIT,node_modules/remeda,False,False,ATTRIBUTION REQUIRED,"Retain exact upstream copyright and license; Apache NOTICE/modification notices, MPL file source, CC-BY attribution as applicable.",Lockfile metadata; optional platform package not installed on this host,https://registry.npmjs.org/remeda/-/remeda-2.33.4.tgz,sha512-ygHswjlc/opg2VrtiYvUOPLjxjtdKvjGz1/plDhkG66hjNjFr1xmfrs2ClNFo/E6TyUFiwYNh53bKV26oBoMGQ==
require-from-string,2.0.2,MIT,node_modules/require-from-string,False,False,ATTRIBUTION REQUIRED,"Retain exact upstream copyright and license; Apache NOTICE/modification notices, MPL file source, CC-BY attribution as applicable.",node_modules/require-from-string/license,https://registry.npmjs.org/require-from-string/-/require-from-string-2.0.2.tgz,sha512-Xf0nWe6RseziFMu+Ap9biiUbmplq6S9/p+7w7YXP/JBHhrUDDUhwa+vANyubuqfZWTveU//DYVGsDG7RKL/vEw==
ret,0.5.0,MIT,node_modules/ret,False,False,ATTRIBUTION REQUIRED,"Retain exact upstream copyright and license; Apache NOTICE/modification notices, MPL file source, CC-BY attribution as applicable.",node_modules/ret/LICENSE,https://registry.npmjs.org/ret/-/ret-0.5.0.tgz,sha512-I1XxrZSQ+oErkRR4jYbAyEEu2I0avBvvMM5JN+6EBprOGRCs63ENqZ3vjavq8fBw2+62G5LF5XelKwuJpcvcxw==
retry,0.12.0,MIT,node_modules/retry,False,False,ATTRIBUTION REQUIRED,"Retain exact upstream copyright and license; Apache NOTICE/modification notices, MPL file source, CC-BY attribution as applicable.",node_modules/retry/License,https://registry.npmjs.org/retry/-/retry-0.12.0.tgz,sha512-9LkiTwjUh6rT555DtE9rTX+BKByPfrMzEAtnlEtdEwr3Nkffwiihqe2bWADg+OQRjt9gl6ICdmB/ZFDCGAtSow==
robust-predicates,3.0.3,Unlicense,node_modules/robust-predicates,False,False,COMPATIBLE,Preserve upstream terms and disclaimers; no added ownership claim.,node_modules/robust-predicates/LICENSE,https://registry.npmjs.org/robust-predicates/-/robust-predicates-3.0.3.tgz,sha512-NS3levdsRIUOmiJ8FZWCP7LG3QpJyrs/TE0Zpf1yvZu8cAJJ6QMW92H1c7kWpdIHo8RvmLxN/o2JXTKHp74lUA==
rolldown,1.2.11,MIT,node_modules/rolldown,True,False,ATTRIBUTION REQUIRED,"Retain exact upstream copyright and license; Apache NOTICE/modification notices, MPL file source, CC-BY attribution as applicable.",node_modules/rolldown/LICENSE,https://registry.npmjs.org/rolldown/-/rolldown-1.2.11.tgz,sha512-qpSwIyz0jHQq5qXBTNxFmE6664rJ7O+4TvPFOiOaBSrz8IOHc1koKKSqTM2H6u1UG1+TveuC6vaDHKXFOvb1Kw==
router,2.2.0,MIT,node_modules/router,False,False,ATTRIBUTION REQUIRED,"Retain exact upstream copyright and license; Apache NOTICE/modification notices, MPL file source, CC-BY attribution as applicable.",node_modules/router/LICENSE,https://registry.npmjs.org/router/-/router-2.2.0.tgz,sha512-nLTrUKm2UyiL7rlhapu/Zl45FwNgkZGaCpZbIHajDYgwlJCOzLSk+cIPAnsEqV955GjILJnKbdQC1nVPz+gAYQ==
rxjs,7.8.2,Apache-2.0,node_modules/rxjs,False,False,ATTRIBUTION REQUIRED,"Retain exact upstream copyright and license; Apache NOTICE/modification notices, MPL file source, CC-BY attribution as applicable.",node_modules/rxjs/LICENSE.txt,https://registry.npmjs.org/rxjs/-/rxjs-7.8.2.tgz,sha512-dhKf903U/PQZY6boNNtAGdWbG85WAbjT/1xYoZIC7FAY0yWapOBQVsVrDl58W86//e1VpMNBtRV4MaXfdMySFA==
safe-regex2,5.1.1,MIT,node_modules/safe-regex2,False,False,ATTRIBUTION REQUIRED,"Retain exact upstream copyright and license; Apache NOTICE/modification notices, MPL file source, CC-BY attribution as applicable.",node_modules/safe-regex2/LICENSE,https://registry.npmjs.org/safe-regex2/-/safe-regex2-5.1.1.tgz,sha512-mOSBvHGDZMuIEZMdOz/aCEYDCv0E7nfcNsIhUF+/P+xC7Hyf3FkvymqgPbg9D1EdSGu+uKbJgy09K/RKKc7kJA==
safer-buffer,2.1.2,MIT,node_modules/safer-buffer,False,False,ATTRIBUTION REQUIRED,"Retain exact upstream copyright and license; Apache NOTICE/modification notices, MPL file source, CC-BY attribution as applicable.",node_modules/safer-buffer/LICENSE,https://registry.npmjs.org/safer-buffer/-/safer-buffer-2.1.2.tgz,sha512-YZo3K82SD7Riyi0E1EQPojLz7kpepnSQI9IyPbHHg1XXXevb5dJI7tpyN2ADxGcQbHG7vcyRHk0cbwqcQriUtg==
saxes,6.0.0,ISC,node_modules/saxes,True,False,ATTRIBUTION REQUIRED,"Retain exact upstream copyright and license; Apache NOTICE/modification notices, MPL file source, CC-BY attribution as applicable.",Lockfile metadata; optional platform package not installed on this host,https://registry.npmjs.org/saxes/-/saxes-6.0.0.tgz,sha512-xAg7SOnEhrm5zI3puOOKyy1OMcMlIJZYNJY7xLBwSze0UjhPLnWfj2GF2EpT0jmzaJKIWKHLsaSSajf35bcYnA==
scheduler,0.28.0,MIT,node_modules/scheduler,False,False,ATTRIBUTION REQUIRED,"Retain exact upstream copyright and license; Apache NOTICE/modification notices, MPL file source, CC-BY attribution as applicable.",node_modules/scheduler/LICENSE,https://registry.npmjs.org/scheduler/-/scheduler-0.28.0.tgz,sha512-juorfCmIkIw8tT+p5BXSm6PJjQF/ycEYmKyzURCIt/RaZIhL+PulbQ9Yu2z1HdOJDdqDTlxA1+xKBmHXJsczAw==
semver,7.8.5,ISC,node_modules/@typescript-eslint/typescript-estree/node_modules/semver,True,False,ATTRIBUTION REQUIRED,"Retain exact upstream copyright and license; Apache NOTICE/modification notices, MPL file source, CC-BY attribution as applicable.",node_modules/@typescript-eslint/typescript-estree/node_modules/semver/LICENSE,https://registry.npmjs.org/semver/-/semver-7.8.5.tgz,sha512-Y7/KDsb8LjooZpwaqGyulO6DQlksgCncchHGk+sZIY4SBvUocMBEFH5Ur1fI4dV+Jvl0w6cjvucaIi40puRioA==
semver,6.3.1,ISC,node_modules/semver,True,False,ATTRIBUTION REQUIRED,"Retain exact upstream copyright and license; Apache NOTICE/modification notices, MPL file source, CC-BY attribution as applicable.",node_modules/semver/LICENSE,https://registry.npmjs.org/semver/-/semver-6.3.1.tgz,sha512-BR7VvDCVHO+q2xBEWskxS6DJE1qRnb7DxzUrogb71CWoSficBxYsiAGd+Kl0mmq/MprG9yArRkyrQxTO6XjMzA==
semver,7.8.5,ISC,node_modules/sharp/node_modules/semver,False,False,ATTRIBUTION REQUIRED,"Retain exact upstream copyright and license; Apache NOTICE/modification notices, MPL file source, CC-BY attribution as applicable.",node_modules/sharp/node_modules/semver/LICENSE,https://registry.npmjs.org/semver/-/semver-7.8.5.tgz,sha512-Y7/KDsb8LjooZpwaqGyulO6DQlksgCncchHGk+sZIY4SBvUocMBEFH5Ur1fI4dV+Jvl0w6cjvucaIi40puRioA==
send,1.2.1,MIT,node_modules/send,False,False,ATTRIBUTION REQUIRED,"Retain exact upstream copyright and license; Apache NOTICE/modification notices, MPL file source, CC-BY attribution as applicable.",node_modules/send/LICENSE,https://registry.npmjs.org/send/-/send-1.2.1.tgz,sha512-1gnZf7DFcoIcajTjTwjwuDjzuz4PPcY2StKPlsGAQ1+YH20IRVrBaXSWmdjowTJ6u8Rc01PoYOGHXfP1mYcZNQ==
serve-static,2.2.1,MIT,node_modules/serve-static,False,False,ATTRIBUTION REQUIRED,"Retain exact upstream copyright and license; Apache NOTICE/modification notices, MPL file source, CC-BY attribution as applicable.",node_modules/serve-static/LICENSE,https://registry.npmjs.org/serve-static/-/serve-static-2.2.1.tgz,sha512-xRXBn0pPqQTVQiC8wyQrKs2MOlX24zQ0POGaj0kultvoOCstBQM5yvOhAVSUwOMjQtTvsPWoNCHfPGwaaQJhTw==
set-cookie-parser,2.7.2,MIT,node_modules/set-cookie-parser,False,False,ATTRIBUTION REQUIRED,"Retain exact upstream copyright and license; Apache NOTICE/modification notices, MPL file source, CC-BY attribution as applicable.",node_modules/set-cookie-parser/LICENSE,https://registry.npmjs.org/set-cookie-parser/-/set-cookie-parser-2.7.2.tgz,sha512-oeM1lpU/UvhTxw+g3cIfxXHyJRc/uidd3yK1P242gzHds0udQBYzs3y8j4gCCW+ZJ7ad0yctld8RYO+bdurlvw==
setprototypeof,1.2.0,ISC,node_modules/setprototypeof,False,False,ATTRIBUTION REQUIRED,"Retain exact upstream copyright and license; Apache NOTICE/modification notices, MPL file source, CC-BY attribution as applicable.",node_modules/setprototypeof/LICENSE,https://registry.npmjs.org/setprototypeof/-/setprototypeof-1.2.0.tgz,sha512-E5LDX7Wrp85Kil5bhZv46j8jOeboKq5JMmYM3gVGdGH8xFpPWXUMsNrlODCrkoxMEeNi/XZIwuRvY4XNwYMJpw==
sharp,0.35.5,Apache-2.0,node_modules/sharp,False,False,ATTRIBUTION REQUIRED,"Retain exact upstream copyright and license; Apache NOTICE/modification notices, MPL file source, CC-BY attribution as applicable.",node_modules/sharp/LICENSE,https://registry.npmjs.org/sharp/-/sharp-0.35.5.tgz,sha512-Ywn4OnzGukp7CDMrp08RQ50YKmuwG47brZgIVPTvBaaAfQlRlygrRqSrxdCiL9M+LlzLBiJ68IR1QqvzHyjC7g==
shebang-command,2.0.0,MIT,node_modules/shebang-command,False,False,ATTRIBUTION REQUIRED,"Retain exact upstream copyright and license; Apache NOTICE/modification notices, MPL file source, CC-BY attribution as applicable.",node_modules/shebang-command/license,https://registry.npmjs.org/shebang-command/-/shebang-command-2.0.0.tgz,sha512-kHxr2zZpYtdmrN1qDjrrX/Z1rR1kG8Dx+gkpK1G4eXmvXswmcE1hTWBWYUzlraYw1/yZp6YuDY77YtvbN0dmDA==
shebang-regex,3.0.0,MIT,node_modules/shebang-regex,False,False,ATTRIBUTION REQUIRED,"Retain exact upstream copyright and license; Apache NOTICE/modification notices, MPL file source, CC-BY attribution as applicable.",node_modules/shebang-regex/license,https://registry.npmjs.org/shebang-regex/-/shebang-regex-3.0.0.tgz,sha512-7++dFhtcx3353uBaq8DDR4NuxBetBzC7ZQOhmTQInHEd6bSrXdiEyzCvG07Z44UYdLShWUyXt5M/yhz8ekcb1A==
side-channel,1.1.1,MIT,node_modules/side-channel,False,False,ATTRIBUTION REQUIRED,"Retain exact upstream copyright and license; Apache NOTICE/modification notices, MPL file source, CC-BY attribution as applicable.",node_modules/side-channel/LICENSE,https://registry.npmjs.org/side-channel/-/side-channel-1.1.1.tgz,sha512-6x6dK6zJdpTzF4sQeNYxwtvBzf6Eg4GtlesS94HOvTudUeyK2WXAaIfmDgsyslYrRBeFIlsi54AYsFGUuhmvrQ==
side-channel-list,1.0.1,MIT,node_modules/side-channel-list,False,False,ATTRIBUTION REQUIRED,"Retain exact upstream copyright and license; Apache NOTICE/modification notices, MPL file source, CC-BY attribution as applicable.",node_modules/side-channel-list/LICENSE,https://registry.npmjs.org/side-channel-list/-/side-channel-list-1.0.1.tgz,sha512-mjn/0bi/oUURjc5Xl7IaWi/OJJJumuoJFQJfDDyO46+hBWsfaVM65TBHq2eoZBhzl9EchxOijpkbRC8SVBQU0w==
side-channel-map,1.0.1,MIT,node_modules/side-channel-map,False,False,ATTRIBUTION REQUIRED,"Retain exact upstream copyright and license; Apache NOTICE/modification notices, MPL file source, CC-BY attribution as applicable.",node_modules/side-channel-map/LICENSE,https://registry.npmjs.org/side-channel-map/-/side-channel-map-1.0.1.tgz,sha512-VCjCNfgMsby3tTdo02nbjtM/ewra6jPHmpThenkTYh8pG9ucZ/1P8So4u4FGBek/BjpOVsDCMoLA/iuBKIFXRA==
side-channel-weakmap,1.0.2,MIT,node_modules/side-channel-weakmap,False,False,ATTRIBUTION REQUIRED,"Retain exact upstream copyright and license; Apache NOTICE/modification notices, MPL file source, CC-BY attribution as applicable.",node_modules/side-channel-weakmap/LICENSE,https://registry.npmjs.org/side-channel-weakmap/-/side-channel-weakmap-1.0.2.tgz,sha512-WPS/HvHQTYnHisLo9McqBHOJk2FkHO/tlpvldyrnem4aeQp4hai3gythswg6p01oSoTl58rcpiFAjF2br2Ak2A==
signal-exit,3.0.7,ISC,node_modules/proper-lockfile/node_modules/signal-exit,False,False,ATTRIBUTION REQUIRED,"Retain exact upstream copyright and license; Apache NOTICE/modification notices, MPL file source, CC-BY attribution as applicable.",node_modules/proper-lockfile/node_modules/signal-exit/LICENSE.txt,https://registry.npmjs.org/signal-exit/-/signal-exit-3.0.7.tgz,sha512-wnD2ZE+l+SPC/uoS0vXeE9L1+0wuaMqKlfz9AMUo38JsyLSBWSFcHR1Rri62LZc12vLr1gb3jl7iwQhgwpAbGQ==
signal-exit,4.1.0,ISC,node_modules/signal-exit,False,False,ATTRIBUTION REQUIRED,"Retain exact upstream copyright and license; Apache NOTICE/modification notices, MPL file source, CC-BY attribution as applicable.",node_modules/signal-exit/LICENSE.txt,https://registry.npmjs.org/signal-exit/-/signal-exit-4.1.0.tgz,sha512-bzyZ1e88w9O1iNJbKnOlvYTrWPDl46O1bG0D3XInv+9tkPrxrN8jUUTiFlDkkmKWgn1M6CfIA13SuGqOa9Korw==
source-map-js,1.2.1,BSD-3-Clause,node_modules/source-map-js,True,False,ATTRIBUTION REQUIRED,"Retain exact upstream copyright and license; Apache NOTICE/modification notices, MPL file source, CC-BY attribution as applicable.",node_modules/source-map-js/LICENSE,https://registry.npmjs.org/source-map-js/-/source-map-js-1.2.1.tgz,sha512-UXWMKhLOwVKb728IUtQPXxfYU+usdybtUrK/8uGE8CQMvrhOpwvzDBwj0QhSL7MQc7vIsISBG8VQ8+IDQxpfQA==
split2,4.2.0,ISC,node_modules/split2,False,False,ATTRIBUTION REQUIRED,"Retain exact upstream copyright and license; Apache NOTICE/modification notices, MPL file source, CC-BY attribution as applicable.",node_modules/split2/LICENSE,https://registry.npmjs.org/split2/-/split2-4.2.0.tgz,sha512-UcjcJOWknrNkF6PLX83qcHM6KHgVKNkV62Y8a5uYDVv9ydGQVwAHMKqHdJje1VTWpljG0WYpCDhrCdAOYH4TWg==
sql-escaper,1.5.2,MIT,node_modules/sql-escaper,False,False,ATTRIBUTION REQUIRED,"Retain exact upstream copyright and license; Apache NOTICE/modification notices, MPL file source, CC-BY attribution as applicable.",node_modules/sql-escaper/LICENSE,https://registry.npmjs.org/sql-escaper/-/sql-escaper-1.5.2.tgz,sha512-6CKD38c31SENivxOADeMNLdukOnUxUcflKtzVWzace7Riv1v7cAEym5Cx9Q7gYZ3ezIJI7ZpqecQq8cqNeSSFg==
statuses,2.0.2,MIT,node_modules/statuses,False,False,ATTRIBUTION REQUIRED,"Retain exact upstream copyright and license; Apache NOTICE/modification notices, MPL file source, CC-BY attribution as applicable.",node_modules/statuses/LICENSE,https://registry.npmjs.org/statuses/-/statuses-2.0.2.tgz,sha512-DvEy55V3DB7uknRo+4iOGT5fP1slR8wQohVdknigZPMpMstaKJQWhwiYBACJE3Ul2pTnATihhBYnRhZQHGBiRw==
std-env,3.10.0,MIT,node_modules/std-env,False,False,ATTRIBUTION REQUIRED,"Retain exact upstream copyright and license; Apache NOTICE/modification notices, MPL file source, CC-BY attribution as applicable.",node_modules/std-env/LICENCE,https://registry.npmjs.org/std-env/-/std-env-3.10.0.tgz,sha512-5GS12FdOZNliM5mAOxFRg7Ir0pWz8MdpYm6AY6VPkGpbA7ZzmbzNcBJQ0GPvvyWgcY7QAhCgf9Uy89I03faLkg==
std-env,4.2.0,MIT,node_modules/vitest/node_modules/std-env,True,False,ATTRIBUTION REQUIRED,"Retain exact upstream copyright and license; Apache NOTICE/modification notices, MPL file source, CC-BY attribution as applicable.",node_modules/vitest/node_modules/std-env/LICENCE,https://registry.npmjs.org/std-env/-/std-env-4.2.0.tgz,sha512-oCUKSupKTHX53EyjDtuZQ64pjLJ6yYCtpmEw0goYxtjG9KpbRe8KAsl2tBUGU9DyMcJ0RwJ8GqJAFzMXcXW1Rw==
streamsearch,1.1.0,MIT (verified installed LICENSE),node_modules/streamsearch,False,False,ATTRIBUTION REQUIRED,"Retain exact upstream copyright and license; Apache NOTICE/modification notices, MPL file source, CC-BY attribution as applicable.",node_modules/streamsearch/LICENSE,https://registry.npmjs.org/streamsearch/-/streamsearch-1.1.0.tgz,sha512-Mcc5wHehp9aXz1ax6bZUyY5afg9u2rv5cqQI3mRrYkGC8rW2hM02jWuwjtL++LS5qinSyhj2QfLyNsuc+VsExg==
strip-indent,3.0.0,MIT,node_modules/strip-indent,True,False,ATTRIBUTION REQUIRED,"Retain exact upstream copyright and license; Apache NOTICE/modification notices, MPL file source, CC-BY attribution as applicable.",node_modules/strip-indent/license,https://registry.npmjs.org/strip-indent/-/strip-indent-3.0.0.tgz,sha512-laJTa3Jb+VQpaC6DseHhF7dXVqHTfJPCRDaEbid/drOhgitgYku/letMUqOXFoWV0zIIUbjpdH2t+tYj4bQMRQ==
strnum,2.4.2,MIT,node_modules/strnum,False,False,ATTRIBUTION REQUIRED,"Retain exact upstream copyright and license; Apache NOTICE/modification notices, MPL file source, CC-BY attribution as applicable.",node_modules/strnum/LICENSE,https://registry.npmjs.org/strnum/-/strnum-2.4.2.tgz,sha512-rDG3Ah4TV0k1hWvLSzkZtMmLN9+eS+h3knq4MP6A42Y3Yh5qGNnOUs1jJkoSr8FG5dsL28c7KgkIBzSEykqtuw==
strtok3,10.3.5,MIT,node_modules/strtok3,False,False,ATTRIBUTION REQUIRED,"Retain exact upstream copyright and license; Apache NOTICE/modification notices, MPL file source, CC-BY attribution as applicable.",node_modules/strtok3/LICENSE.txt,https://registry.npmjs.org/strtok3/-/strtok3-10.3.5.tgz,sha512-ki4hZQfh5rX0QDLLkOCj+h+CVNkqmp/CMf8v8kZpkNVK6jGQooMytqzLZYUVYIZcFZ6yDB70EfD8POcFXiF5oA==
tinybench,6.2.0,MIT,node_modules/tinybench,True,False,ATTRIBUTION REQUIRED,"Retain exact upstream copyright and license; Apache NOTICE/modification notices, MPL file source, CC-BY attribution as applicable.",node_modules/tinybench/LICENSE,https://registry.npmjs.org/tinybench/-/tinybench-6.2.0.tgz,sha512-78U2TlB2CnVenajOFzf3BKSm0J6oz5L0NV7g32LCPccvYc0lbWvys4d3uUUCS2B1N8PAf2+aekR8i1KbC3HO7Q==
tinyexec,1.3.1,MIT,node_modules/tinyexec,True,False,ATTRIBUTION REQUIRED,"Retain exact upstream copyright and license; Apache NOTICE/modification notices, MPL file source, CC-BY attribution as applicable.",node_modules/tinyexec/LICENSE,https://registry.npmjs.org/tinyexec/-/tinyexec-1.3.1.tgz,sha512-GCvB3aoys96IuDFBMcTB46JOR6mdMtAToqwiW8JlWhsoh1mhHi/xn9ss/Dg7N555GiJyEt2qzoG/NHCwM6h1EA==
tinyglobby,0.2.17,MIT,node_modules/tinyglobby,True,False,ATTRIBUTION REQUIRED,"Retain exact upstream copyright and license; Apache NOTICE/modification notices, MPL file source, CC-BY attribution as applicable.",node_modules/tinyglobby/LICENSE,https://registry.npmjs.org/tinyglobby/-/tinyglobby-0.2.17.tgz,sha512-wXR/dYpcqKmfWpEdZjiKJOwCNFndD0DMnrW/cYjVGttEkBfVgcLFHoNrlj47mjOVic9yyNu65alsgF4NQyTa2g==
tldts,7.4.16,MIT,node_modules/tldts,True,False,ATTRIBUTION REQUIRED,"Retain exact upstream copyright and license; Apache NOTICE/modification notices, MPL file source, CC-BY attribution as applicable.",node_modules/tldts/LICENSE,https://registry.npmjs.org/tldts/-/tldts-7.4.16.tgz,sha512-QwBER5KMR86IIjpIiO7H/Z3IMJPsZ1A6RKPAqzTTgOyUQUSt9FdnKcqhTaJmkY6HVrgouZHZR0ncK5QxvmnQeg==
tldts-core,7.4.16,MIT,node_modules/tldts-core,True,False,ATTRIBUTION REQUIRED,"Retain exact upstream copyright and license; Apache NOTICE/modification notices, MPL file source, CC-BY attribution as applicable.",node_modules/tldts-core/LICENSE,https://registry.npmjs.org/tldts-core/-/tldts-core-7.4.16.tgz,sha512-MDolfaSJtlSK5Y0A1xl3277ekubZwobpBjugknDizI9O5Rm60a1m8k4ICK+MRsCDzPygT81mp3BBf5RKDlFRfA==
toidentifier,1.0.1,MIT,node_modules/toidentifier,False,False,ATTRIBUTION REQUIRED,"Retain exact upstream copyright and license; Apache NOTICE/modification notices, MPL file source, CC-BY attribution as applicable.",node_modules/toidentifier/LICENSE,https://registry.npmjs.org/toidentifier/-/toidentifier-1.0.1.tgz,sha512-o5sSPKEkg/DIQNmH43V0/uerLrpzVedkUh8tGNvaeXpfpuwjKenlSox/2O/BTlZUtEe+JG7s5YhEz608PlAHRA==
token-types,6.1.2,MIT,node_modules/token-types,False,False,ATTRIBUTION REQUIRED,"Retain exact upstream copyright and license; Apache NOTICE/modification notices, MPL file source, CC-BY attribution as applicable.",node_modules/token-types/LICENSE.txt,https://registry.npmjs.org/token-types/-/token-types-6.1.2.tgz,sha512-dRXchy+C0IgK8WPC6xvCHFRIWYUbqqdEIKPaKo/AcTUNzwLTK6AH7RjdLWsEZcAN/TBdtfUw3PYEgPr5VPr6ww==
tough-cookie,6.0.2,BSD-3-Clause,node_modules/tough-cookie,True,False,ATTRIBUTION REQUIRED,"Retain exact upstream copyright and license; Apache NOTICE/modification notices, MPL file source, CC-BY attribution as applicable.",node_modules/tough-cookie/LICENSE,https://registry.npmjs.org/tough-cookie/-/tough-cookie-6.0.2.tgz,sha512-exgYmnmL/sJpR3upZfXG5PoatXQii55xAiXGXzY+sROLZ/Y+SLcp9PgJNI9Vz37HpQ74WvDcLT8eqm+kV3FzrA==
tr46,6.0.0,MIT,node_modules/tr46,True,False,ATTRIBUTION REQUIRED,"Retain exact upstream copyright and license; Apache NOTICE/modification notices, MPL file source, CC-BY attribution as applicable.",node_modules/tr46/LICENSE.md,https://registry.npmjs.org/tr46/-/tr46-6.0.0.tgz,sha512-bLVMLPtstlZ4iMQHpFHTR7GAGj2jxi8Dg0s2h2MafAE4uSWF98FC/3MomU51iQAMf8/qDUbKWf5GxuvvVcXEhw==
ts-api-utils,2.5.0,MIT,node_modules/ts-api-utils,True,False,ATTRIBUTION REQUIRED,"Retain exact upstream copyright and license; Apache NOTICE/modification notices, MPL file source, CC-BY attribution as applicable.",node_modules/ts-api-utils/LICENSE.md,https://registry.npmjs.org/ts-api-utils/-/ts-api-utils-2.5.0.tgz,sha512-OJ/ibxhPlqrMM0UiNHJ/0CKQkoKF243/AEmplt3qpRgkW8VG7IfOS41h7V8TjITqdByHzrjcS/2si+y4lIh8NA==
tslib,1.14.1,0BSD,node_modules/pdf-lib/node_modules/tslib,False,False,COMPATIBLE,Preserve upstream terms and disclaimers; no added ownership claim.,node_modules/pdf-lib/node_modules/tslib/LICENSE.txt,https://registry.npmjs.org/tslib/-/tslib-1.14.1.tgz,sha512-Xni35NKzjgMrwevysHTCArtLDpPvye8zV/0E4EyYn43P7/7qvQwPh9BGkHewbMulVntbigmcT7rdX3BNo9wRJg==
tslib,2.8.1,0BSD,node_modules/tslib,False,False,COMPATIBLE,Preserve upstream terms and disclaimers; no added ownership claim.,node_modules/tslib/LICENSE.txt,https://registry.npmjs.org/tslib/-/tslib-2.8.1.tgz,sha512-oJFu94HQb+KVduSUQL7wnpmqnfmLsOA/nAh6b6EH0wCEoK0/mPeXU6c3wKDV83MkOuHPRHtSXKKU99IBazS/2w==
type-check,0.4.0,MIT,node_modules/type-check,True,False,ATTRIBUTION REQUIRED,"Retain exact upstream copyright and license; Apache NOTICE/modification notices, MPL file source, CC-BY attribution as applicable.",node_modules/type-check/LICENSE,https://registry.npmjs.org/type-check/-/type-check-0.4.0.tgz,sha512-XleUoc9uwGXqjWwXaUTZAmzMcFZ5858QA2vvx1Ur5xIcixXIP+8LnFDgRplU30us6teqdlskFfu+ae4K79Ooew==
type-is,1.6.18,MIT,node_modules/multer/node_modules/type-is,False,False,ATTRIBUTION REQUIRED,"Retain exact upstream copyright and license; Apache NOTICE/modification notices, MPL file source, CC-BY attribution as applicable.",node_modules/multer/node_modules/type-is/LICENSE,https://registry.npmjs.org/type-is/-/type-is-1.6.18.tgz,sha512-TkRKr9sUTxEH8MdfuCSP7VizJyzRNMjj2J2do2Jr3Kym598JVdEksuzPQCnlFPW4ky9Q+iA+ma9BGm06XQBy8g==
type-is,2.1.0,MIT,node_modules/type-is,False,False,ATTRIBUTION REQUIRED,"Retain exact upstream copyright and license; Apache NOTICE/modification notices, MPL file source, CC-BY attribution as applicable.",node_modules/type-is/LICENSE,https://registry.npmjs.org/type-is/-/type-is-2.1.0.tgz,sha512-faYHw0anBbc/kWF3zFTEnxSFOAGUX9GFbOBthvDdLsIlEoWOFOtS0zgCiQYwIskL9iGXZL3kAXD8OoZ4GmMATA==
typescript,6.0.3,Apache-2.0,node_modules/typescript,False,False,ATTRIBUTION REQUIRED,"Retain exact upstream copyright and license; Apache NOTICE/modification notices, MPL file source, CC-BY attribution as applicable.",node_modules/typescript/LICENSE.txt,https://registry.npmjs.org/typescript/-/typescript-6.0.3.tgz,sha512-y2TvuxSZPDyQakkFRPZHKFm+KKVqIisdg9/CZwm9ftvKXLP8NRWj38/ODjNbr43SsoXqNuAisEf1GdCxqWcdBw==
typescript-eslint,8.71.0,MIT,node_modules/typescript-eslint,True,False,ATTRIBUTION REQUIRED,"Retain exact upstream copyright and license; Apache NOTICE/modification notices, MPL file source, CC-BY attribution as applicable.",node_modules/typescript-eslint/LICENSE,https://registry.npmjs.org/typescript-eslint/-/typescript-eslint-8.71.0.tgz,sha512-fBdHYiqQ14RW6mOMXD14Svn82ZsCYAoQSzGRzyEjR59S5A2Krh/l7fGTOQ7iCr8gGy/mHVXtEF7s5fgjEdV0Pw==
uid,2.0.2,MIT,node_modules/uid,False,False,ATTRIBUTION REQUIRED,"Retain exact upstream copyright and license; Apache NOTICE/modification notices, MPL file source, CC-BY attribution as applicable.",node_modules/uid/license,https://registry.npmjs.org/uid/-/uid-2.0.2.tgz,sha512-u3xV3X7uzvi5b1MncmZo3i2Aw222Zk1keqLA1YkHldREkAhAqi65wuPfe7lHx8H/Wzy+8CE7S7uS3jekIM5s8g==
uint8array-extras,1.6.0,MIT,node_modules/uint8array-extras,False,False,ATTRIBUTION REQUIRED,"Retain exact upstream copyright and license; Apache NOTICE/modification notices, MPL file source, CC-BY attribution as applicable.",node_modules/uint8array-extras/license,https://registry.npmjs.org/uint8array-extras/-/uint8array-extras-1.6.0.tgz,sha512-8iAasVS4wUx0gPLjH8Xtz2PeDzTSiy8QiLGu2DT3X5GU+egFEQhpnbtkehbAwjvDcxIERmCYcysiODFmE3Ud0Q==
undici,8.11.2,MIT,node_modules/undici,True,False,ATTRIBUTION REQUIRED,"Retain exact upstream copyright and license; Apache NOTICE/modification notices, MPL file source, CC-BY attribution as applicable.",node_modules/undici/LICENSE,https://registry.npmjs.org/undici/-/undici-8.11.2.tgz,sha512-u4UB2/IrKdU6lFxumHmmo1a3fCQO5tzQllRorfoRS63txhrB7xTpSn1PftwC4qEHkOaqP95fCWW4lJzwErwzhQ==
undici-types,7.24.6,MIT,node_modules/undici-types,False,False,ATTRIBUTION REQUIRED,"Retain exact upstream copyright and license; Apache NOTICE/modification notices, MPL file source, CC-BY attribution as applicable.",node_modules/undici-types/LICENSE,https://registry.npmjs.org/undici-types/-/undici-types-7.24.6.tgz,sha512-WRNW+sJgj5OBN4/0JpHFqtqzhpbnV0GuB+OozA9gCL7a993SmU+1JBZCzLNxYsbMfIeDL+lTsphD5jN5N+n0zg==
unpipe,1.0.0,MIT,node_modules/unpipe,False,False,ATTRIBUTION REQUIRED,"Retain exact upstream copyright and license; Apache NOTICE/modification notices, MPL file source, CC-BY attribution as applicable.",node_modules/unpipe/LICENSE,https://registry.npmjs.org/unpipe/-/unpipe-1.0.0.tgz,sha512-pjy2bYhSsufwWlKwPc+l3cN7+wuJlK6uz0YdJEOlQDbl6jo/YlPi4mb8agUkVC8BF7V8NuzeyPNqRksA3hztKQ==
update-browserslist-db,1.3.3,MIT,node_modules/update-browserslist-db,True,False,ATTRIBUTION REQUIRED,"Retain exact upstream copyright and license; Apache NOTICE/modification notices, MPL file source, CC-BY attribution as applicable.",node_modules/update-browserslist-db/LICENSE,https://registry.npmjs.org/update-browserslist-db/-/update-browserslist-db-1.3.3.tgz,sha512-pJ2sYawQS0R/WI928Gj5GlPhTGzbMelq0+4INtSYNDV9ErKJcX6xjGWkoG/VnB3dpUm00zALaqkrUD77pO5TDQ==
uri-js,4.4.1,BSD-2-Clause,node_modules/uri-js,False,False,ATTRIBUTION REQUIRED,"Retain exact upstream copyright and license; Apache NOTICE/modification notices, MPL file source, CC-BY attribution as applicable.",node_modules/uri-js/LICENSE,https://registry.npmjs.org/uri-js/-/uri-js-4.4.1.tgz,sha512-7rKUyy33Q1yc98pQ1DAmLtwX109F7TIfWlW1Ydo8Wl1ii1SeHieeh0HHfPeL2fMXK6z0s8ecKs9frCuLJvndBg==
valibot,1.4.2,MIT,node_modules/valibot,False,False,ATTRIBUTION REQUIRED,"Retain exact upstream copyright and license; Apache NOTICE/modification notices, MPL file source, CC-BY attribution as applicable.",node_modules/valibot/LICENSE.md,https://registry.npmjs.org/valibot/-/valibot-1.4.2.tgz,sha512-gjdCvJ6d3RyHAneqxMYMW9QMCwYMb3jpOO0IyHZV1bnRHFBHrX3VkIILt5XYR0WhwHiH7Mty8ovuPZ/O3gamrg==
vary,1.1.2,MIT,node_modules/vary,False,False,ATTRIBUTION REQUIRED,"Retain exact upstream copyright and license; Apache NOTICE/modification notices, MPL file source, CC-BY attribution as applicable.",node_modules/vary/LICENSE,https://registry.npmjs.org/vary/-/vary-1.1.2.tgz,sha512-BNGbWLfd0eUPabhkXUVm0j8uuvREyTh5ovRa/dyow/BqAbZJyC+5fU+IzQOzmAKzYqYRAISoRhdQr3eIZ/PXqg==
vite,8.3.1,MIT,node_modules/vite,True,False,ATTRIBUTION REQUIRED,"Retain exact upstream copyright and license; Apache NOTICE/modification notices, MPL file source, CC-BY attribution as applicable.",node_modules/vite/LICENSE.md,https://registry.npmjs.org/vite/-/vite-8.3.1.tgz,sha512-/bvH9E9tmCXRGp2uXY3WbOldqpTwFkbha/8ANaEQ6VkxhH60KyqLwgZq6lG2y+4uT55x9+9eUHMpQ7uGnOCKjA==
vitest,5.0.2,MIT,node_modules/vitest,True,False,ATTRIBUTION REQUIRED,"Retain exact upstream copyright and license; Apache NOTICE/modification notices, MPL file source, CC-BY attribution as applicable.",node_modules/vitest/LICENSE.md,https://registry.npmjs.org/vitest/-/vitest-5.0.2.tgz,sha512-7MQrx9pDv5aHiUcovIb/70Ys3tgtkUVgCtledvKdCmEO+/1Dicq5ZqoSxOW034m03oqC+oHOKui2dM6qtMLoJg==
w3c-xmlserializer,6.0.0,MIT,node_modules/w3c-xmlserializer,True,False,ATTRIBUTION REQUIRED,"Retain exact upstream copyright and license; Apache NOTICE/modification notices, MPL file source, CC-BY attribution as applicable.",node_modules/w3c-xmlserializer/LICENSE.md,https://registry.npmjs.org/w3c-xmlserializer/-/w3c-xmlserializer-6.0.0.tgz,sha512-4Nsy8K5Tr6SPDH9jhKJOHf7ChDrc1zufZTVSF7x72hwuEXBqxqk9G6cK+K2NRUtB3iELRJqjXb4JPDMBjMTl2Q==
webidl-conversions,8.0.1,BSD-2-Clause,node_modules/webidl-conversions,True,False,ATTRIBUTION REQUIRED,"Retain exact upstream copyright and license; Apache NOTICE/modification notices, MPL file source, CC-BY attribution as applicable.",node_modules/webidl-conversions/LICENSE.md,https://registry.npmjs.org/webidl-conversions/-/webidl-conversions-8.0.1.tgz,sha512-BMhLD/Sw+GbJC21C/UgyaZX41nPt8bUTg+jWyDeg7e7YN4xOM05YPSIXceACnXVtqyEw/LMClUQMtMZ+PGGpqQ==
whatwg-mimetype,5.0.0,MIT,node_modules/whatwg-mimetype,True,False,ATTRIBUTION REQUIRED,"Retain exact upstream copyright and license; Apache NOTICE/modification notices, MPL file source, CC-BY attribution as applicable.",node_modules/whatwg-mimetype/LICENSE.txt,https://registry.npmjs.org/whatwg-mimetype/-/whatwg-mimetype-5.0.0.tgz,sha512-sXcNcHOC51uPGF0P/D4NVtrkjSU2fNsm9iog4ZvZJsL3rjoDAzXZhkm2MWt1y+PUdggKAYVoMAIYcs78wJ51Cw==
whatwg-url,16.0.1,MIT,node_modules/data-urls/node_modules/whatwg-url,True,False,ATTRIBUTION REQUIRED,"Retain exact upstream copyright and license; Apache NOTICE/modification notices, MPL file source, CC-BY attribution as applicable.",node_modules/data-urls/node_modules/whatwg-url/LICENSE.txt,https://registry.npmjs.org/whatwg-url/-/whatwg-url-16.0.1.tgz,sha512-1to4zXBxmXHV3IiSSEInrreIlu02vUOvrhxJJH5vcxYTBDAx51cqZiKdyTxlecdKNSjj8EcxGBxNf6Vg+945gw==
whatwg-url,17.1.2,MIT,node_modules/whatwg-url,True,False,ATTRIBUTION REQUIRED,"Retain exact upstream copyright and license; Apache NOTICE/modification notices, MPL file source, CC-BY attribution as applicable.",node_modules/whatwg-url/LICENSE.txt,https://registry.npmjs.org/whatwg-url/-/whatwg-url-17.1.2.tgz,sha512-TEZA+Zqxin7Jjsm2cjRohCmen5awh+hT6Zi3VZdqZlNRk7zvOI/9WpBFg/DWlA56bWnzwm6DuB8NS0EsxQH9uQ==
which,2.0.2,ISC,node_modules/which,False,False,ATTRIBUTION REQUIRED,"Retain exact upstream copyright and license; Apache NOTICE/modification notices, MPL file source, CC-BY attribution as applicable.",node_modules/which/LICENSE,https://registry.npmjs.org/which/-/which-2.0.2.tgz,sha512-BLI3Tl1TW3Pvl70l3yq3Y64i+awpwXqsGBYWkkqMtnbXgrMD+yj7rhW0kuEDxzJaYXGjEW5ogapKNMEKNMjibA==
why-is-node-running,3.2.2,MIT,node_modules/why-is-node-running,True,False,ATTRIBUTION REQUIRED,"Retain exact upstream copyright and license; Apache NOTICE/modification notices, MPL file source, CC-BY attribution as applicable.",node_modules/why-is-node-running/LICENSE,https://registry.npmjs.org/why-is-node-running/-/why-is-node-running-3.2.2.tgz,sha512-NKUzAelcoCXhXL4dJzKIwXeR8iEVqsA0Lq6Vnd0UXvgaKbzVo4ZTHROF2Jidrv+SgxOQ03fMinnNhzZATxOD3A==
word-wrap,1.2.5,MIT,node_modules/word-wrap,True,False,ATTRIBUTION REQUIRED,"Retain exact upstream copyright and license; Apache NOTICE/modification notices, MPL file source, CC-BY attribution as applicable.",node_modules/word-wrap/LICENSE,https://registry.npmjs.org/word-wrap/-/word-wrap-1.2.5.tgz,sha512-BN22B5eaMMI9UMtjrGd5g5eCYPpCPDUy0FJXbYsaT5zYxjFOckS53SQDE3pWkVoWpHXVb3BrYcEN4Twa55B5cA==
wrappy,1.0.2,ISC,node_modules/wrappy,False,False,ATTRIBUTION REQUIRED,"Retain exact upstream copyright and license; Apache NOTICE/modification notices, MPL file source, CC-BY attribution as applicable.",node_modules/wrappy/LICENSE,https://registry.npmjs.org/wrappy/-/wrappy-1.0.2.tgz,sha512-l4Sp/DRseor9wL6EvV2+TuQn63dMkPjZ/sp9XkghTEbV9KlPS1xUsZ3u7/IQO4wxtcFB4bgpQPRcR3QCvezPcQ==
xml-name-validator,5.0.0,Apache-2.0,node_modules/xml-name-validator,True,False,ATTRIBUTION REQUIRED,"Retain exact upstream copyright and license; Apache NOTICE/modification notices, MPL file source, CC-BY attribution as applicable.",node_modules/xml-name-validator/LICENSE.txt,https://registry.npmjs.org/xml-name-validator/-/xml-name-validator-5.0.0.tgz,sha512-EvGK8EJ3DhaHfbRlETOWAS5pO9MZITeauHKJyb8wyajUfQUenkIg2MvLDTZ4T/TgIcm3HU0TFBgWWboAZ30UHg==
xml-naming,0.3.0,MIT,node_modules/xml-naming,False,False,ATTRIBUTION REQUIRED,"Retain exact upstream copyright and license; Apache NOTICE/modification notices, MPL file source, CC-BY attribution as applicable.",node_modules/xml-naming/LICENSE,https://registry.npmjs.org/xml-naming/-/xml-naming-0.3.0.tgz,sha512-ghig2TBE/H11aOVgmahA3MhimvkBr6JIYknH/Dhdk10nXwdbIqBJsbfMxpvFPG8bAw77gN29aQWvKpmVoPlvPQ==
xmlchars,2.2.0,MIT,node_modules/xmlchars,True,False,ATTRIBUTION REQUIRED,"Retain exact upstream copyright and license; Apache NOTICE/modification notices, MPL file source, CC-BY attribution as applicable.",node_modules/xmlchars/LICENSE,https://registry.npmjs.org/xmlchars/-/xmlchars-2.2.0.tgz,sha512-JZnDKK8B0RCDw84FNdDAIpZK+JuJw+s7Lz8nksI7SIuU3UXJJslUthsi+uWBUYOwPFwW7W7PRLRfUKpxjtjFCw==
xtend,4.0.2,MIT,node_modules/xtend,False,False,ATTRIBUTION REQUIRED,"Retain exact upstream copyright and license; Apache NOTICE/modification notices, MPL file source, CC-BY attribution as applicable.",node_modules/xtend/LICENSE,https://registry.npmjs.org/xtend/-/xtend-4.0.2.tgz,sha512-LKYU1iAXJXUgAXn9URjiu+MWhyUXHsvfp7mcuYm9dSUKK0/CjtrUwFAxD82/mCWbtLsGjFIad0wIsod4zrTAEQ==
yallist,3.1.1,ISC,node_modules/yallist,True,False,ATTRIBUTION REQUIRED,"Retain exact upstream copyright and license; Apache NOTICE/modification notices, MPL file source, CC-BY attribution as applicable.",node_modules/yallist/LICENSE,https://registry.npmjs.org/yallist/-/yallist-3.1.1.tgz,sha512-a4UGQaWPH59mOXUYnAG2ewncQS4i4F43Tv3JoAM+s2VDAmS9NsK8GpDMLrCHPksFT7h3K6TOoUNn2pb7RoXx4g==
yauzl,3.4.0,MIT,node_modules/yauzl,False,False,ATTRIBUTION REQUIRED,"Retain exact upstream copyright and license; Apache NOTICE/modification notices, MPL file source, CC-BY attribution as applicable.",node_modules/yauzl/LICENSE,https://registry.npmjs.org/yauzl/-/yauzl-3.4.0.tgz,sha512-jIH9yLR9wqr0wOS0TpBvo/g/2UgZH5qePVbjgRliiF0BYvOZyaBknKsF+x9Iht0O6sqgnB93rCICdOZFecJuDw==
yocto-queue,0.1.0,MIT,node_modules/yocto-queue,True,False,ATTRIBUTION REQUIRED,"Retain exact upstream copyright and license; Apache NOTICE/modification notices, MPL file source, CC-BY attribution as applicable.",node_modules/yocto-queue/license,https://registry.npmjs.org/yocto-queue/-/yocto-queue-0.1.0.tgz,sha512-rVksvsnNCdJ/ohGc6xgPwyN8eheCxsiLM8mxuE/t/mOVqJewPuO1miLpTHQiRgTKCLexL4MeAFVagts7HmNZ2Q==
zeptomatch,2.1.0,MIT,node_modules/zeptomatch,False,False,ATTRIBUTION REQUIRED,"Retain exact upstream copyright and license; Apache NOTICE/modification notices, MPL file source, CC-BY attribution as applicable.",node_modules/zeptomatch/license,https://registry.npmjs.org/zeptomatch/-/zeptomatch-2.1.0.tgz,sha512-KiGErG2J0G82LSpniV0CtIzjlJ10E04j02VOudJsPyPwNZgGnRKQy7I1R7GMyg/QswnE4l7ohSGrQbQbjXPPDA==
zod,4.6.5,MIT,node_modules/zod,False,False,ATTRIBUTION REQUIRED,"Retain exact upstream copyright and license; Apache NOTICE/modification notices, MPL file source, CC-BY attribution as applicable.",node_modules/zod/LICENSE,https://registry.npmjs.org/zod/-/zod-4.6.5.tgz,sha512-v5l/aFXZQeai4awLbOpSoHecE9UiMrnfx75tEXLjNonXVARxQ5mOeipTjROUchszUNCqnE+hqAMujRsRHsut2Q==
zod-validation-error,4.0.2,MIT,node_modules/zod-validation-error,True,False,ATTRIBUTION REQUIRED,"Retain exact upstream copyright and license; Apache NOTICE/modification notices, MPL file source, CC-BY attribution as applicable.",node_modules/zod-validation-error/LICENSE,https://registry.npmjs.org/zod-validation-error/-/zod-validation-error-4.0.2.tgz,sha512-Q6/nZLe6jxuU80qb/4uJ4t5v2VEZ44lzQjPDhYJNztRQ4wyWc6VF3D3Kb/fAuPetZQnhS3hnajCf9CsWesghLQ==
